CountryName,RegionName,CityName,N,P25,P50,P75,P90,Mean,IQR
Spain,Barcelona,Barcelona,1666,"17.144,25","21.078,73","24.022,08","26.520,28","19.890,11","6877,82"
Spain,Madrid,Madrid,1086,"15.749,91","20.051,96","24.069,38","28.170,65","19.752,02","8319,47"
Spain,Islas Baleares,Palma de Mallorca,483,"17.831,82","21.452,12","24.984,46","28.983,2","20.808,06","7152,65"
Spain,Valencia,València,292,"14.373,34","17.915,18","21.750,35","26.116,45","16.981,34","7377,01"
Spain,Sevilla,Sevilla,212,"15.064,41","18.048,62","21.142,94","23.259,55","17.405,19","6078,54"
Spain,Málaga,Marbella,207,"19.424,69","22.837,24","24.963,75","26.503,73","20.664,92","5539,06"
Spain,Málaga,Málaga,198,"17.002,58","20.353,63","25.777,48","28.403,95","20.575,59","8774,9"
Spain,Santa Cruz de Tenerife,Adeje,148,"15.445,48","20.089,29","23.527,09","24.026,86","18.499,7","8081,61"
Spain,Islas Baleares,Ibiza,147,"21.816,22","23.540,82","25.251,77","27.836,45","22.509,08","3435,56"
Spain,Alicante,Benidorm,144,"14.617,45","18.723,88","20.646,5","25.061,91","18.132,99","6029,05"
Spain,Islas Baleares,Calviá,110,"18.594,52","22.293,48","25.861,99","27.825,15","20.944,38","7267,47"
Spain,Santa Cruz de Tenerife,Costa Adeje,105,"12.571,91","19.364,67","22.637,13","29.419,98","17.265,9","10.065,22"
Spain,Islas Baleares,Alcúdia,99,"14.996,92","18.566,49","25.093,56","30.115,31","18.483,32","10.096,64"
Spain,Alicante,Alicante/Alacant,93,"15.320,99","18.816,76","19.798,48","21.499,38","18.193,52","4477,49"
Spain,Vizcaya,Bilbao,88,"16.371,05","20.992,39","21.952,67","25.811,29","20.346,45","5581,62"
Spain,Granada,Granada,87,"15.724,68","19.604,87","22.169,08","28.351,46","26.511,89","6444,4"
Spain,Girona,Lloret de Mar,83,"15.084,23","18.762,5","22.365,71","25.942,7","18.818,5","7281,48"
Spain,Tarragona,Salou,81,"14.960,63","17.637,04","20.494,61","26.104,85","18.142,36","5533,98"
Spain,Islas Baleares,Can Picafort,77,"18.550,67","20.840,21","23.859,93","27.057,12","22.014,11","5309,26"
Spain,Islas Baleares,Santa Eulària des Riu,76,"20.736,86","24.496,55","26.421,05","32.099,7","24.616,95","5684,19"
Spain,Málaga,Fuengirola,67,"20.188,2","24.407,86","28.878,9","31.005,29","23.928,09","8690,7"
Spain,Las Palmas,San Bartolomé de Tirajana,62,"15.230,56","19.239,87","20.152,22","24.955,33","20.151,99","4921,65"
Spain,Las Palmas,Playa Blanca,62,"21.199,1","23.736,69","25.072,06","27.160,2","22.177,18","3872,96"
Spain,Barcelona,L'Hospitalet de Llobregat,62,"16.316,65","19.923,45","21.651,03","23.227,23","17.594,57","5334,38"
Spain,Mallorca,Mallorca,61,"17.751,52","21.070,29","26.512,02","33.001,3","21.718,52","8760,5"
Spain,Islas Baleares,Islas Baleares,60,"17.806,11","18.686,06","22.790,58","27.331,99","19.530,12","4984,47"
Spain,Las Palmas,Yaiza,58,"20.408,72","22.111,2","23.397,24","27.685,38","22.392,64","2988,52"
Spain,Santa Cruz de Tenerife,Santa Cruz de Tenerife,54,"16.519,04","20.543,72","22.699,71","25.947,48","19.934,53","6180,67"
Spain,Las Palmas,Las Palmas de Gran Canaria,52,"15.754,36","18.194,15","25.488,29","29.293,33","19.157,46","9733,93"
Spain,Málaga,Torremolinos,52,"11.522,59","17.132,29","20.161,36","23.192,24","17.956,92","8638,77"
Spain,Las Palmas,Maspalomas,52,"18.689,84","22.121,91","23.695,48","24.822,3","21.239,78","5005,65"
Spain,Tarragona,Tarragona,52,"14.218,54","16.406,16","22.000,39","21.536,22","18.616,06","7781,85"
Spain,Islas Baleares,Palmanova,52,"15.718,62","17.775,22","21.575,7","24.653,52","18.883,38","5857,08"
Spain,Islas Baleares,Ciutadella de Menorca,51,"19.443,82","21.991,34","24.211,73","26.713,08","21.795,68","4767,91"
Spain,Girona,Girona,49,"15.887,82","19.122,89","27.084,39","34.857,55","24.155,86","11.196,58"
Spain,Guipúzcoa,Donostia/San Sebastián,48,"11.264,93","15.714,04","23.575,87","26.461,58","15.417,33","12.310,94"
Spain,Islas Baleares,San Antonio Abad,45,"22.387,97","24.406,23","29.952,5","40.014,06","27.845,51","7564,52"
Spain,Málaga,Benalmádena,44,"16.638,98","19.576,45","21.778,62","26.475,35","19.349,77","5139,64"
Spain,Pontevedra,Vigo,43,"14.014,71","14.355,4","15.886,9","16.808,44","13.975,28","1872,2"
Spain,Zaragoza,Zaragoza,42,"11.966,39","17.921,31","20.503,88","21.199,18","16.229,29","8537,49"
Spain,Las Palmas,Mogán,41,"16.925,43","21.096,51","23.457,59","25.014,73","18.928,14","6532,17"
Spain,Murcia,La Manga,40,"13.417,15","14.665,23","18.821,83","26.550,01","16.706,6","5404,68"
Spain,A Coruña,Santiago de Compostela,40,"88,75","8366,69","13.147,97","16.460,54","7397,32","13.059,22"
Spain,Islas Baleares,Can Pastilla,40,"17.822,84","19.969,15","22.269,58","26.771,64","20.385,7","4446,74"
Spain,Las Palmas,Puerto del Carmen,39,"18.680,56","21.364,87","23.807,68","25.368,88","21.741,03","5127,12"
Spain,Islas Baleares,Cala d'Or,38,"18.283,82","21.240,37","23.583,77","31.383,88","20.803,06","5299,95"
Spain,Lleida,Lleida,37,"6454,17","14.926,15","19.042,94","20.324,86","12.983,2","12.588,77"
Spain,Islas Baleares,Portals Nous,37,"17.687,87","21.103,12","25.994,07","27.087,8","20.403,57","8306,2"
Spain,Alicante,Calp,37,"8581,69","16.983,93","19.385,94","21.803,17","14.402,7","10.804,24"
Spain,Islas Baleares,Santanyí,36,"22.302,49",25.396,"34.263,29","36.242,4","26.361,44","11.960,81"
Spain,Islas Baleares,Portocolom,35,"20.716,69","22.895,23","24.240,16","26.938,23","22.789,03","3523,47"
Spain,Málaga,Estepona,32,"20.703,03","22.383,01","27.094,36","27.857,54","24.288,75","6391,33"
Spain,Girona,Sant Feliu de Guíxols,32,"15.884,27","16.405,41","20.159,79","23.447,43","18.490,5","4275,52"
Spain,Islas Baleares,Menorca,32,"10.725,58","13.891,05","20.190,94","23.635,18","15.727,26","9465,36"
Spain,Islas Baleares,Puigpuñent,32,"20.415,54","22.593,78","23.309,58","25.592,64","22.737,5","2894,05"
Spain,Barcelona,Sabadell,31,"14.813,1","17.856,05","22.282,59","30.883,85","17.236,23","7469,5"
Spain,Barcelona,Santa Susanna,31,"15.778,97","19.288,52","31.378,05","39.531,79","23.714,26","15.599,08"
Spain,Girona,Tossa de Mar,31,"15.622,79","17.367,18","23.145,15","25.908,07","18.704,03","7522,36"
Spain,Islas Baleares,Camp de Mar,30,"11.701,87","21.150,43","25.365,75","28.416,67","19.375,13","13.663,87"
Spain,Islas Baleares,Llucmajor,30,"13.617,29","16.220,7","17.081,18","29.887,09","18.497,47","3463,9"
Spain,Almería,Roquetas de Mar,29,"12.126,69","14.612,19","17.248,44",25.200,"17.759,24","5121,75"
Spain,Las Palmas,Corralejo,28,"11.142,85","18.760,79","21.932,32","25.489,49","16.882,45","10.789,47"
Spain,Islas Baleares,Canyamel,27,"22.699,35","23.395,57","24.547,33","26.288,26","23.437,04","1847,98"
Spain,Girona,Torrent,26,"19.315,45","20.954,05",21.027,"21.574,36","20.653,85","1711,54"
Spain,Islas Canarias,Playa de Fañabé,26,"20.127,72","22.742,28","27.697,06","29.928,01","23.996,23","7569,34"
Spain,Barcelona,Calella,26,"17.370,3","19.291,45","22.927,44","25.217,2","20.644,21","5557,14"
Spain,Cádiz,El Puerto de Santa María,25,"15.712,13","20.020,53","21.341,99","21.593,52",18.864,"5629,87"
Spain,Madrid,Alcalá de Henares,25,"19.596,14","21.104,98","24.196,27","26.097,76",19.656,"4600,14"
Spain,Salamanca,Salamanca,25,"17.862,16","22.336,37",26.500,"29.098,67","21.901,96","8637,84"
Spain,Alicante,El Albir,25,"18.346,68","20.435,16","22.836,63","27.225,43","21.369,24","4489,94"
Spain,Islas Baleares,Cales de Mallorca,25,"17.550,4","26.522,48","30.982,32","33.964,4",24.928,"13.431,91"
Spain,Barcelona,Sant Cugat del Vallès,24,"13.203,58","19.042,37","23.869,44","26.246,85","19.344,83","10.665,85"
Spain,Sevilla,Aguadulce,24,"16.392,16","19.652,54","21.468,43","22.007,78",19.050,"5076,26"
Spain,Las Palmas,Jandia,24,"4642,24","18.936,89","22.494,44","23.237,67","12.131,04","17.852,21"
Spain,Tarragona,Cambrils,23,"15.915,51","17.954,62","20.633,76","22.884,37","18.333,67","4718,25"
Spain,Santa Cruz de Tenerife,Arona,22,"18.253,83","20.208,76","23.461,14",29.000,"21.009,09","5207,31"
Spain,Almería,Almería,22,"15.795,21","18.146,88",21.600,"23.656,58","17.645,45","5804,79"
Spain,Islas Baleares,Puerto de Alcudia,22,"17.378,24","20.188,55",25.767,"29.964,94","21.359,09","8388,76"
Spain,Cádiz,Cádiz,21,"13.125,35","17.375,11","21.036,32","26.435,89","17.685,78","7910,97"
Spain,Las Palmas,Fuerteventura,20,"16.691,48","21.556,52","31.820,6",33.600,"21.634,79","15.129,12"
Spain,Burgos,Burgos,20,"17.442,75","17.835,38","19.949,16","20.754,94","18.119,84","2506,41"
Spain,Córdoba,Córdoba,20,"14.539,06","15.183,81","18.120,24","20.487,78","15.911,4","3581,18"
Spain,Las Palmas,Morro Jable,20,"20.482,15","22.514,51","23.521,61","24.052,84","21.833,41","3039,46"
Spain,Lleida,Naut Aran,20,"14.304,69",14.500,"16.914,54","17.709,62",15.120,"2609,85"
Spain,Girona,Castell-Platja d'Aro,20,"18.046,68","20.067,18","21.871,73","23.795,17","20.134,94","3825,05"
Spain,Navarra,Pamplona/Iruña,20,"12.539,73","15.594,51","19.429,03","21.656,06","15.280,34","6889,31"
Spain,Islas Baleares,Colonia de Sant Jordi,20,"23.406,86","23.839,41","26.577,62","29.444,47","24.772,8","3170,76"
Spain,Girona,Castelló d'Empúries,20,"15.218,58","17.335,7","18.536,06","19.018,84",16.969,"3317,47"
Spain,Islas Baleares,Alaró,20,"18.124,32","20.327,63","21.518,58","23.409,55",18.940,"3394,27"
Spain,Santa Cruz de Tenerife,Puerto de la Cruz,19,"16.519,65","17.841,23",18.600,"25.518,07","19.037,47","2080,35"
Spain,Islas Baleares,Playas de Muro,19,"18.252,89","20.251,86","26.049,94","29.875,02","22.645,68","7797,05"
Spain,Girona,Caldes de Malavella,19,"18.451,75","20.733,46","22.207,01","27.072,92","20.573,68","3755,26"
Spain,Toledo,Toledo,18,"12.652,18","17.563,22","18.132,99","22.286,44","15.581,44","5480,81"
Spain,Barcelona,Pineda de Mar,18,"20.513,35","19.539,09","26.000,06",36.000,"23.963,89","5486,71"
Spain,Islas Baleares,Peguera,18,"18.290,67","20.624,51","23.091,99","25.726,11",21.600,"4801,32"
Spain,Girona,Estartit,18,"15.432,46","17.300,75","18.141,33","19.264,4","16.915,33","2708,87"
Spain,Girona,L'Escala,17,"7564,6","14.920,49","24.786,22",26.399,"16.236,1","17.221,62"
Spain,Barcelona,Badalona,17,"20.498,04",18.300,"21.272,34","21.665,61","16.121,78","774,3"
Spain,Pontevedra,Sanxenxo,17,"15.384,38","16.241,84","19.198,22","20.157,43","17.407,06","3813,84"
Spain,Alicante,Dehesa de Campoamor,17,"15.882,44","15.915,84","16.028,47","16.558,56","16.118,59","146,03"
Spain,Islas Baleares,Cala Sant Vicenç,17,"24.375,25","25.448,69","26.351,62","26.676,58","25.421,53","1976,37"
Spain,Barcelona,Granollers,16,"19.107,78",23.000,"23.525,81","24.704,19","21.280,5","4418,04"
Spain,Las Palmas,Pájara,16,"16.558,22","17.736,74","20.212,16","23.772,63","18.658,8","3653,93"
Spain,Islas Canarias,Tenerife,16,21.611,"24.885,69","28.336,58","29.383,54","24.145,61","6725,58"
Spain,La Rioja,Haro,16,"13.414,45",15.600,"16.425,17","17.045,27","14.927,9","3010,72"
Spain,Cantabria,Santander,16,"8489,12","14.933,33","18.480,47","19.474,02","11.622,5","9991,36"
Spain,Girona,Roses,16,"14.346,67","18.257,41","19.199,07","20.646,14","14.937,5","4852,41"
Spain,Las Palmas,Lanzarote,15,"18.279,51","19.806,54","22.910,56","23.525,87","19.634,13","4631,05"
Spain,Islas Baleares,Montuïri,15,"20.794,24","21.166,67","22.104,9","23.199,48","21.666,67","1310,66"
Spain,Islas Baleares,Cala Rajada,15,18.212,"20.696,53","23.382,8","24.539,74",21.520,"5170,8"
Spain,Mallorca,Illes Balears,15,13.109,"18.021,97","22.182,22","23.003,97","19.018,33","9073,22"
Spain,Cáceres,Cáceres,14,"16.233,33","16.922,22","16.999,81","16.999,91","16.292,86","766,48"
Spain,Islas Baleares,Sóller,14,"24.643,83","27.520,49","28.687,64",35.600,"30.885,71","4043,81"
Spain,Alicante,Dénia,14,"13.746,71","14.847,28","18.366,79","20.530,38","16.572,69","4620,09"
Spain,Islas Baleares,"Pobla, Sa",14,"19.950,15","21.127,28","22.047,11","22.876,32","21.357,14","2096,96"
Spain,Barcelona,El Prat de Llobregat,14,"17.163,19","18.340,48","19.844,44","20.812,5","18.711,43","2681,25"
Spain,Málaga,Manilva,14,"9629,63",15.600,"18.555,56","22.016,98","14.458,57","8925,93"
Spain,A Coruña,A Coruña,14,"17.205,93","17.210,01","19.437,56","19.902,85","15.818,93","2231,63"
Spain,Islas Baleares,Formentera,14,"18.066,85","24.478,77","26.366,37","28.183,7","22.187,14","8299,53"
Spain,Tarragona,Reus,13,"16.223,96","18.011,1","21.168,79","22.099,72","15.732,62","4944,83"
Spain,Islas Baleares,Cala Millor,13,"15.644,07","17.594,45","19.542,95",21.048,"16.992,66","3898,89"
Spain,Valladolid,Valladolid,13,11.447,"17.073,42","23.575,82","25.920,03","15.135,18","12.128,82"
Spain,Islas Baleares,Maó-Mahón,13,21.450,"23.305,56","27.833,33","29.984,72","23.367,69","6383,33"
Spain,Islas Baleares,ses Illetes,13,18.800,"21.387,5","33.361,9",40.476,"27.692,31","14.561,9"
Spain,La Rioja,Logroño,13,16.000,"16.993,06","18.626,88","19.490,87","16.478,85","2626,88"
Spain,Barcelona,Sitges,13,"22.199,14","20.712,88","23.540,6","23.708,63","18.964,62","1341,46"
Spain,Asturias,Gijón,13,"11.916,17","16.054,98","17.624,44","18.293,33",15.481,"5708,26"
Spain,Tarragona,Altafulla,13,"13.502,4","15.372,8","17.943,29","18.396,36","16.035,94","4440,89"
Spain,Islas Baleares,Manacor,13,"24.454,24","25.816,59","26.839,44","29.076,82","24.894,08","2385,2"
Spain,Islas Baleares,Santa Ponsa,13,"15.710,31","23.533,33","26.133,33","26.133,33",20.998,"10.423,02"
Spain,Murcia,Murcia,12,14.400,"14.766,67","16.982,22","16.982,22","14.915,05","2582,22"
Spain,Islas Baleares,Ferreries,12,"21.333,33","23.338,89","26.777,78","28.644,96",23.750,"5444,44"
Spain,Cádiz,San Roque,12,"20.902,72","21.473,5","22.304,27","25.396,62","22.988,38","1401,54"
Spain,Girona,Blanes,12,"10.733,33",15.600,"17.836,63","20.269,78",16.350,"7103,3"
Spain,Islas Baleares,Es Pujols,12,18.000,"20.933,33","22.027,78","23.043,62","19.666,67","4027,78"
Spain,Islas Baleares,Cala Murada,12,"24.072,92","25.074,07","25.444,44","25.444,44",24.750,"1371,53"
Spain,Madrid,Alcobendas,11,21.200,"23.394,44","25.782,94","26.346,39","22.527,91","4582,94"
Spain,Girona,Palamós,11,14.400,14.400,14.400,14.400,14.400,0
Spain,Lleida,Baqueira,11,16.000,17.890,18.000,18.000,"17.018,18",2000
Spain,Barcelona,Terrassa,11,15.000,"18.572,5",20.000,20.000,"16.934,55",5000
Spain,Málaga,Mijas,11,"17.293,87","19.406,4",22.500,25.620,21.596,"5206,13"
Spain,Valencia,Oliva,11,"14.413,6","14.464,49","14.841,07","14.841,07","14.648,73","427,47"
Spain,Santa Cruz de Tenerife,Guía de Isora,11,"19.240,85",24.000,25.625,"25.444,44","20.095,64","6384,15"
Spain,Cádiz,Sotogrande,11,19.680,20.085,"22.591,67","22.591,67","21.127,27","2911,67"
Spain,Islas Canarias,Puerto de Santiago,11,20.250,"22.476,67","25.925,93","27.069,14","23.727,27","5675,93"
Spain,Cádiz,Jerez de la Frontera,10,"16.378,04","20.466,67",25.000,25.000,18.670,"8621,96"
Spain,Alicante,Jávea/Xàbia,10,"20.728,89","22.051,11","24.269,07","24.269,07",21.640,"3540,19"
Spain,Islas Baleares,Porto Cristo,10,"23.551,79",31.760,34.000,34.000,"26.371,36","10.448,21"
Spain,Girona,Santa Susana,10,"16.830,8","23.569,6",30.000,30.000,"22.359,12","13.169,2"
Spain,Santa Cruz de Tenerife,Candelaria,10,"21.827,78",24.080,25.000,25.000,23.400,"3172,22"
Spain,Islas Baleares,Port de Sóller,10,"24.918,34","26.532,07","28.284,36","28.284,36","29.246,67","3366,01"
Spain,Madrid,San Sebastián de los Reyes,10,16.800,"18.311,11","19.455,56","19.455,56",16.845,"2655,56"
Spain,Huelva,Huelva,10,"16.665,13",20.400,22.875,22.875,"19.252,88","6209,88"
Spain,Girona,Figueres,10,"9041,67",15.000,"20.208,33","21.469,91",15.660,"11.166,67"
Spain,Tarragona,L'Hospitalet de l'Infant,10,13.608,13.671,13.986,"13.969,2","14.061,6",378
Spain,Islas Baleares,Puerto Nous,10,"25.800,34","27.271,63",28.800,28.800,"27.173,04","2999,66"
Spain,Islas Baleares,Magaluf,10,21.030,"22.187,2","23.758,86","23.758,86","22.866,4","2728,86"
Spain,Madrid,Pozuelo de Alarcón,9,17.400,18.000,"21.566,34","21.516,54","19.603,74","4166,33"
Spain,Murcia,Cartagena,9,18.000,"18.236,11","18.493,06","18.493,06","19.444,44","493,06"
Spain,Barcelona,Malgrat de Mar,9,20.000,"21.949,38","23.662,62","23.662,62","22.666,67","3662,62"
Spain,Valencia,Cullera,9,"19.866,67","20.406,67","20.476,67","20.472,59","19.386,67",610
Spain,Teruel,Teruel,9,16.000,"20.166,67","30.246,3","30.246,3","25.288,89","14.246,3"
Spain,Asturias,Oviedo,9,"11.727,33","13.103,54","16.047,6","16.047,6","14.163,18","4320,27"
Spain,Madrid,Alcorcón,9,15.305,20.640,"22.205,33","22.205,33","19.233,11","6900,33"
Spain,Madrid,Somosaguas,9,18.000,18.000,18.000,18.000,"18.333,33",0
Spain,Islas Baleares,Sant Josep de sa Talaia,9,22,"4542,85","14.274,56","14.274,56","12.725,22","14.252,56"
Spain,Castellón,Orpesa,9,14.620,"15.860,43","17.226,92","17.226,92","17.855,56","2606,92"
Spain,Madrid,Villaviciosa de Odón,9,"20.300,22","22.539,92","26.499,67","26.729,85","22.693,74","6199,44"
Spain,Las Palmas,Tías,9,19.000,"21.617,28","23.737,27","23.737,27","24.044,44","4737,27"
Spain,Barcelona,Cornellà de Llobregat,9,18.950,"21.055,56","21.328,7","21.328,7","18.852,89","2378,7"
Spain,Islas Baleares,El Toro,9,23.000,24.925,"28.101,67","28.101,67","25.711,11","5101,67"
Spain,Madrid,San Fernando de Henares,9,19.935,20.640,20.640,20.640,"20.013,33",705
Spain,Las Palmas,Costa Calma,9,"15.232,58","20.825,08","22.329,93","22.089,9","18.440,12","7097,35"
Spain,Álava,Vitoria-Gasteiz,9,"14.083,28","17.708,4",21.000,21.000,"15.279,56","6916,72"
Spain,Girona,Begur,9,"17.676,24","18.523,85",22.552,22.552,"20.892,05","4875,76"
Spain,Alicante,Crevillent,9,"11.064,75",18.000,19.200,19.200,14.942,"8135,25"
Spain,Islas Baleares,Son Servera,9,"16.552,08","20.133,33",21.600,21.600,19.200,"5047,92"
Spain,Granada,Sierra Nevada,8,22.000,22.208,"22.499,56","22.499,56",21.677,"499,56"
Spain,Sevilla,Dos Hermanas,8,"17.426,67",18.000,"18.573,33","18.573,33",18.410,"1146,67"
Spain,Valladolid,Olmedo,8,12.000,14.000,"19.555,56","19.555,56",15.900,"7555,56"
Spain,Badajoz,Badajoz,8,"15.782,86","19.666,67",22.000,22.000,17.405,"6217,14"
Spain,Islas Baleares,Artá,8,"26.612,56","27.184,08","27.472,83","27.472,83","26.559,42","860,26"
Spain,Cataluña,El Maresme,8,22.000,22.800,"23.064,81","23.064,81",23.300,"1064,81"
Spain,Huesca,Fraga,8,"18.038,19","18.333,33",19.000,19.000,18.625,"961,81"
Spain,Las Palmas,Teguise,8,"17.333,33",18.000,18.000,18.000,16.500,"666,67"
Spain,Islas Baleares,"Salines, Ses",8,24.000,"24.066,67","24.188,89","24.188,89",24.000,"188,89"
Spain,Islas Baleares,El Arenal,8,"19.540,72",19.952,"21.146,67","21.193,33","20.577,82","1605,94"
Spain,Valencia,Manises,8,16.572,18.048,"19.271,42","19.196,76","18.391,26","2699,42"
Spain,Girona,Empuriabrava,8,"10.111,11",14.400,"15.166,67","15.166,67",11.025,"5055,56"
Spain,Girona,Santa Cristina d'Aro,8,"10.093,68","15.154,87","20.175,6","20.175,6","15.965,55","10.081,92"
Spain,Cádiz,Chipiona,8,"22.312,5",27.750,"28.666,67","28.666,67","24.062,5","6354,17"
Spain,Burgos,Miranda de Ebro,8,18.000,"18.666,67","18.666,67","18.666,67",18.500,"666,67"
Spain,Barcelona,Castelldefels,8,"16.427,31","19.333,33",20.000,20.000,18.950,"3572,69"
Spain,Lleida,Pla de l'Ermita,7,20.000,21.000,21.000,21.000,"17.714,29",1000
Spain,Islas Baleares,Platges de Fornells,7,26.200,26.400,27.200,27.200,"27.085,71",1000
Spain,Castellón,Castellón de la Plana,7,16.800,17.800,17.650,17.650,"17.571,43",850
Spain,Barcelona,Viladecans,7,19.221,21.600,22.116,22.116,"19.494,86",2895
Spain,Barcelona,Sant Andreu de la Barca,7,22.800,24.000,"24.555,56","24.555,56","23.285,71","1755,56"
Spain,Tarragona,Creixell,7,19.260,19.260,"19.772,3","19.772,3","20.278,67","512,3"
Spain,Barcelona,Barberà del Vallès,7,21.000,21.000,"21.166,67","21.166,67","21.428,57","166,67"
Spain,Tarragona,L'Ampolla,7,"14.901,33",14.964,14.964,14.964,"15.317,14","62,67"
Spain,Barcelona,Mataró,7,"16.898,67",18.000,18.000,18.000,"15.802,29","1101,33"
Spain,Islas Baleares,Portinatx,7,24.000,24.000,"24.666,67","24.666,67","26.571,43","666,67"
Spain,Mallorca,Son Vida,7,26.000,27.000,"31.777,78","31.777,78","30.571,43","5777,78"
Spain,Málaga,Archidona,7,"20.777,78",21.000,21.100,21.100,"20.557,14","322,22"
Spain,Murcia,Alhama de Murcia,6,18.000,18.000,18.000,18.000,18.000,0
Spain,Alicante,Altea,6,"17.933,33",21.000,21.000,21.000,"21.973,33","3066,67"
Spain,Barcelona,La Garriga,6,28.000,28.000,28.000,28.000,"25.465,33",0
Spain,Islas Baleares,Es Migjorn Gran,6,27.600,27.600,"28.819,24","28.819,24","27.190,38","1219,24"
Spain,Almería,Andalucía,6,24.000,24.000,24.000,24.000,"26.333,33",0
Spain,Madrid,Coslada,6,6000,6000,6000,6000,"14.333,33",0
Spain,Guadalajara,Guadalajara,6,14.000,14.000,14.000,14.000,"12.776,83",0
Spain,Tarragona,El Priorato,6,22.000,22.000,22.000,22.000,"23.666,67",0
Spain,Barcelona,Sant Just Desvern,6,21.000,21.000,21.000,21.000,"17.899,33",0
Spain,Huesca,Huesca,6,"17.777,78",18.000,18.000,18.000,18.500,"222,22"
Spain,Cantabria,Noja,6,"15.466,67",15.600,15.600,15.600,15.400,"133,33"
Spain,Barcelona,Palafolls,6,20.000,20.000,20.000,20.000,20.000,0
Spain,Murcia,Puerto de Mazarrón,6,15.000,15.000,15.000,15.000,"15.933,33",0
Spain,Murcia,Fuente Álamo de Murcia,5,14.400,14.400,14.400,14.400,14.400,0
Spain,Las Palmas,Esquinzo,5,16.340,16.340,16.340,16.340,"16.712,5",0
Spain,Lleida,Beret,5,14.400,14.400,14.400,14.400,14.400,0
Spain,Murcia,"Alcázares, Los",5,16.800,16.800,16.800,16.800,18.720,0
Spain,Las Palmas,Gran Canaria,5,18.000,18.000,18.000,18.000,"20.048,88",0
Spain,Islas Canarias,Los Realejos,5,18.000,18.000,18.000,18.000,19.400,0
Spain,Segovia,Segovia,5,20.640,20.640,20.640,20.640,20.776,0
Spain,Madrid,Rivas-Vaciamadrid,5,17.370,17.370,17.370,17.370,17.474,0
Spain,Sevilla,Bormujos,5,15.000,15.000,15.000,15.000,14.320,0
Spain,Canillo,Soldeu,5,14.400,14.400,14.400,14.400,14.400,0
Spain,Girona,Llanars,5,18.000,18.000,18.000,18.000,18.120,0
Spain,Barcelona,Mollet del Vallès,5,12.000,12.000,12.000,12.000,13.080,0
Spain,Málaga,San Pedro,5,23.000,23.000,23.000,23.000,"18.524,32",0
Spain,Lleida,Castell-llebre,5,25.000,25.000,25.000,25.000,23.480,0
Spain,San Miguel de Abona,Golf del Sur,5,18.000,18.000,18.000,18.000,18.680,0
Spain,Santa Cruz de Tenerife,San Miguel de Abona,5,21.000,21.000,21.000,21.000,18.600,0
Spain,Barcelona,Molins de Rei,5,16.800,16.800,16.800,16.800,17.660,0
Spain,Islas Baleares,Felanitx,5,18.000,18.000,18.000,18.000,19.160,0
Spain,Girona,Vilobí d'Onyar,5,18.000,18.000,18.000,18.000,18.036,0
Spain,Cádiz,Chiclana de la Frontera,5,15.000,15.000,15.000,15.000,18.796,0
Spain,Madrid,Tres Cantos,5,27.000,27.000,27.000,27.000,21.960,0
Spain,Granada,La Herradura,5,21.600,21.600,21.600,21.600,22.080,0
Spain,Castellón,Peníscola/Peñíscola,5,"15.939,84","15.939,84","15.939,84","15.939,84","20.315,97",0
Spain,Islas Baleares,Pollença,5,25.000,25.000,25.000,25.000,26.000,0
Spain,Girona,Riudellots de la Selva,5,22.000,22.000,22.000,22.000,"21.737,8",0
Spain,Girona,Torroella de Montgrí,5,18.000,18.000,18.000,18.000,18.200,0
Spain,Cádiz,La Alcaidesa,5,24.000,24.000,24.000,24.000,25.880,0
Spain,Las Palmas,Montaña Roja,5,24.084,24.084,24.084,24.084,"24.026,4",0
Spain,Granada,Almuñécar,5,20.400,20.400,20.400,20.400,20.160,0
Spain,Islas Baleares,Muro,5,22.800,22.800,22.800,22.800,24.480,0
