CountryName,TitleId,JobTitleName,N,P25,P50,P75,P90,Mean,IQR
Spain,591,Receptionist,1039,"17.504,86","20.333,45","22.755,42","24.665,88","19.569,28","5250,55"
Spain,669,Waiter,982,"15.674,6","19.257,04","22.745,05","24.507,1","18.667,2","7070,45"
Spain,221,Cook,894,"17.894,09","20.567,51","23.269,7","25.045,56","19.420,33","5375,61"
Spain,552,Chambermaid,757,"13.566,21","16.157,89","19.814,04","22.089,44","15.983,85","6247,83"
Spain,243,Kitchen Assistant,368,"14.784,36","18.820,52","21.025,39","23.698,94","17.235,8","6241,04"
Spain,668,Waiter Assistant,303,"12.404,4","17.907,16","20.760,13","23.351,4","16.980,96","8355,73"
Spain,494,Maintenance Technician,295,"16.668,43","20.291,14","23.673,46","25.424,74","19.758,75","7005,02"
Spain,257,Chef de Partie,231,"20.009,3","23.294,94","28.149,43","33.193,72","22.932,48","8140,13"
Spain,561,Housekeeping Staff,230,"13.671,78","15.896,04","19.072,15","20.694,41","15.234,85","5400,37"
Spain,652,Head Waiter,224,"21.053,27","24.679,32","28.995,3","30.643,36","24.730,48","7942,02"
Spain,584,Hotel Receptionist,202,"15.020,56","19.462,69","23.068,9","25.077,33","18.671,62","8048,34"
Spain,218,Chef,185,"21.256,18","24.750,15","29.798,14","34.645,34","25.524,19","8541,96"
Spain,572,Bellboy,172,"14.729,47","18.207,78","21.167,61","22.821,67","16.977,47","6438,14"
Spain,226,Dishwasher,144,"13.525,61","17.292,64","20.474,93","21.941,99","16.286,35","6949,32"
Spain,551,Assistant Executive Housekeeper,144,"16.073,46","20.462,36","24.147,42","27.643,91","20.084,28","8073,97"
Spain,254,Sous Chef,133,"19.619,68","24.084,73","28.658,57","30.521,14","23.655,1","9038,88"
Spain,286,Rental Sales Consultant,130,"16.597,06","17.096,66","18.149,78","22.176,76","17.710,59","1552,72"
Spain,590,Reception Assistant,127,"14.809,16","17.857,12","21.101,81","23.106,63","17.300,3","6292,65"
Spain,589,Night Receptionist,126,"18.106,24","21.139,01","24.088,25","27.751,13","20.397,55","5982,01"
Spain,580,Front Office Manager,124,"20.610,31","23.612,97","27.931,68","29.722,33","23.570,8","7321,37"
Spain,489,Maintenance Manager,96,"21.914,22","25.897,34","30.079,19","35.585,36","26.549,19","8164,98"
Spain,657,Bartender,93,"17.506,11","22.006,61","24.245,99","25.918,75","19.835,76","6739,88"
Spain,113,Travel Agent,89,"14.114,98","17.901,72","21.642,79","23.814,4","17.253,57","7527,81"
Spain,587,Night Auditor,80,"20.374,21","23.490,79","26.816,32",28.891,"23.110,04","6442,11"
Spain,557,Executive Housekeeper,74,"20.475,66","24.617,24","27.243,57","29.718,66","24.017,07","6767,92"
Spain,79,Hotel Director,74,"28.021,09","31.279,2","36.721,68","45.004,39","31.818,49","8700,59"
Spain,119,Reservation Agent,73,"18.155,85","18.330,15","21.022,72","24.731,52","18.898,53","2866,87"
Spain,653,Host/Hostess,69,"16.362,49","20.514,14","24.049,88","25.338,21","19.461,39","7687,39"
Spain,577,Concierge,69,"13.311,52","20.835,83","23.287,91","26.003,84","18.355,91","9976,38"
Spain,293,Sales Agent,63,"14.238,55","19.091,65","24.316,26","26.557,29","18.626,91","10.077,7"
Spain,664,Restaurant Section Head,63,"18.957,16","23.352,85",26.659,"27.951,65","20.570,79","7701,83"
Spain,650,Food and Beverage Manager,56,"25.431,76","30.078,01","36.225,71","42.784,97","31.216,07","10.793,95"
Spain,492,Maintenance Assistant,55,"16.254,73","19.614,4","22.256,69","24.261,36","19.108,93","6001,96"
Spain,165,Customer Service Advisor,54,"1055,13","14.009,63","20.845,92","21.739,38","10.809,95","19.790,79"
Spain,493,Maintenance Officer,53,"19.190,09","21.073,22","24.509,59","26.925,96","20.964,29","5319,5"
Spain,661,Restaurant Manager,51,"19.839,12","26.650,35","30.350,54","30.971,39","26.243,19","10.511,43"
Spain,10,Accounts Manager,50,21,"21,42","21,91","22,13","21,42","0,91"
Spain,550,Assistant Hotel Manager,50,"23.988,06","29.826,76","35.020,46","35.846,94",28.990,"11.032,41"
Spain,23,Administrative,48,"17.058,79","19.731,43","23.512,13","25.612,85","19.394,73","6453,34"
Spain,159,Tourist Animator,45,"15.580,16","16.798,75","18.739,02","22.225,09","17.374,7","3158,87"
Spain,570,Assistant Head of Reception,45,"20.063,74","21.879,57","23.824,32","29.810,77","22.546,67","3760,59"
Spain,177,GEX - Guest Experience Assistant,44,"20.986,83","21.642,04","23.769,08","24.877,5","22.190,91","2782,25"
Spain,634,Bar Manager,44,"20.278,68","23.054,62","25.634,44","27.936,49","23.640,91","5355,76"
Spain,630,Assistant Head Waiter,43,"20.672,87","23.559,06","27.161,6","28.657,47","21.771,83","6488,73"
Spain,248,Pastry Chef,42,"19.755,8","22.497,18","24.411,59","27.745,56","22.938,68","4655,78"
Spain,89,Valet Parking,42,"15.458,2","18.218,27","20.323,27","21.964,36","18.063,93","4865,07"
Spain,26,Administrative Assistant,41,"13.032,48","18.217,87","20.379,44","23.239,14","17.272,73","7346,96"
Spain,166,Customer Service Agent,38,"16.343,83","17.720,42","19.190,78","20.567,76","16.995,68","2846,95"
Spain,181,GEX - Guest Experience Coordinator,36,"21.421,74","24.017,71","24.582,06","27.593,16","23.711,11","3160,32"
Spain,1,Accountant,36,17.902,"18.352,54","24.677,66","28.116,92","18.789,69","6775,66"
Spain,316,Store Sales Assistant,32,"16.240,17","18.040,84","18.886,47","20.022,22","17.253,5","2646,3"
Spain,471,Tour Guide,30,"12.488,22","17.215,16","20.071,13","25.132,1","17.426,53","7582,91"
Spain,697,Masseur,28,"14.194,33","16.283,23","19.652,18","22.226,09",16.174,"5457,85"
Spain,665,Sommelier,28,"20.513,53","22.732,3","23.982,38","25.187,1",22.000,"3468,85"
Spain,647,Food and Beverage Assistant,26,"6216,83","15.713,03","17.728,15","24.004,44","15.416,15","11.511,32"
Spain,501,Technical Services Officer,23,"15.051,74","21.312,35","24.793,2","26.666,67","18.873,59","9741,46"
Spain,80,Hotel Manager,22,"18.908,64","24.009,74","27.928,63","29.103,65","22.080,91",9020
Spain,192,Call Center Agent,21,"15.945,51","18.539,96","22.562,2",24.000,"18.476,93","6616,69"
Spain,503,Warehouse Stock Handler,21,"10.417,15","15.124,6","17.249,95","19.851,24","13.421,33","6832,81"
Spain,49,Revenue Manager,20,"14.536,95","23.956,16","40.142,52","41.666,67","24.917,3","25.605,57"
Spain,242,Sushiman,19,"14.696,61","20.461,26","26.906,36","28.967,58","19.086,11","12.209,76"
Spain,597,Intern in Reception,19,"3645,26","4718,18","5921,43","6233,33","4568,42","2276,17"
Spain,486,Facilities Technician,18,"16.744,43","21.511,11","23.646,56","26.583,62","19.431,17","6902,13"
Spain,637,Barista,18,"15.633,42",16.935,"23.643,17","29.156,26","20.543,47","8009,75"
Spain,302,Sales Manager,18,"24.205,25","33.310,74","40.232,93","45.777,78","32.416,67","16.027,68"
Spain,45,Chief Executive Officer (CEO),18,"20.921,94","29.709,1","29.300,51","41.666,67","28.225,56","8378,57"
Spain,2,Accounting Assistant,18,"19.970,07","23.061,2","25.009,73","25.705,44","22.716,67","5039,66"
Spain,560,Cleaning Manager,17,"19.032,32","24.974,27","26.731,75","27.089,12","22.385,18","7699,42"
Spain,593,Human Resources Intern,16,4860,"5338,57","5398,67","5399,33",5250,"538,67"
Spain,753,Head of Technical Services,16,"22.802,68","25.179,07",27.000,"28.473,15","24.776,41","4197,32"
Spain,460,Airport Guide,16,"20.823,55","21.533,16","22.208,73",22.296,21.043,"1385,19"
Spain,631,Assistant Restaurant Manager,15,"19.319,47","22.112,5","24.828,95","27.330,44","20.349,87","5509,48"
Spain,692,Lifesaver,15,"17.907,6","18.063,74","18.652,34","19.289,98",18.480,"744,74"
Spain,632,Bakery Attendant,15,"15.541,12","19.259,52","21.748,93","23.427,22","18.517,6","6207,8"
Spain,346,Supply Department Manager,14,"19.651,83",21.372,"23.828,57","24.850,58","21.755,14","4176,74"
Spain,715,Spa Therapist,14,"18.353,24","20.555,56","23.211,11","23.728,3","21.020,29","4857,87"
Spain,120,Reservations Manager,13,"22.203,99","26.555,95",28.700,29.310,"24.857,69","6496,01"
Spain,117,Travel guide,13,14.400,"19.366,2","21.713,29","21.684,92","18.977,42","7313,29"
Spain,532,Marketing Director,13,25.000,"27.876,49","29.728,77","32.159,72","27.861,54","4728,77"
Spain,564,Laundry Attendant,13,"7753,86","16.983,33",23.500,"24.941,67","14.742,77","15.746,14"
Spain,628,Assistant Bar Manager,12,"16.413,89",22.000,"24.331,11","24.379,17","19.933,33","7917,22"
Spain,600,Revenue Agent,12,"16.816,67","20.333,33","21.803,44","21.472,22",18.850,"4986,77"
Spain,251,Pizzaiolo,12,"22.041,58","23.016,99",25.776,25.776,"22.529,63","3734,42"
Spain,376,Hospitality Consultant,12,17.625,"19.244,44",22.000,23.850,"20.213,33",4375
Spain,180,GEX - Guest Experience Manager,12,"20.838,89","29.954,17","32.266,67","33.503,33",26.200,"11.427,78"
Spain,29,Administrative Manager,12,"4864,76","19.425,88",22.500,22.500,14.697,"17.635,24"
Spain,487,Gardener,12,"17.497,25","18.546,72",21.600,21.600,"19.168,67","4102,75"
Spain,47,Chief Operations Officer (COO),12,"31.611,11","38.185,19","52.236,67","52.236,67","39.433,33","20.625,56"
Spain,88,Office Manager,11,21,"659,53","7308,9","7308,9","6015,73","7287,9"
Spain,615,Human Resources Technician,11,22.500,25.000,"27.377,78","27.746,3","23.796,36","4877,78"
Spain,8,Accounting Technician,11,"9801,45","23.294,42",28.000,28.000,"20.277,73","18.198,55"
Spain,213,Event Chef,11,"14.444,78","18.296,56",23.300,"25.587,79","19.926,65","8855,22"
Spain,761,Technical Services Assistant,11,17.360,"21.812,5",23.625,"23.611,11","19.818,18",6265
Spain,228,Executive Chef,10,36.000,"42.611,11","48.924,18","48.240,52",42.500,"12.924,18"
Spain,127,Animation Manager,10,"18.877,84","21.881,33",25.000,25.000,21.880,"6122,16"
Spain,642,Cocktail Bar Manager,10,24.000,27.000,28.500,28.375,25.800,4500
Spain,105,Business Travel Agent,10,"20.361,11",21.000,"22.597,22","22.597,22",21.300,"2236,11"
Spain,48,Operations Manager,10,20.400,"26.033,33","35.116,2","39.508,31",29.860,"14.716,2"
Spain,731,Pool Attendant,10,"16.289,62",23.214,"24.256,8","24.256,8","20.318,72","7967,18"
Spain,125,Animation Assistant,10,"8442,28",13.204,"19.909,1","19.977,78","13.549,6","11.466,82"
Spain,438,Groups & Events Sales Manager,10,26.250,30.000,"31.655,09","31.655,09",28.100,"5405,09"
Spain,473,Tourism Agent,9,"12.816,67",16.620,"22.586,67","22.586,67","16.592,44",9770
Spain,497,Building Repairer,9,"17.645,6","20.956,67","24.125,33","24.125,33","20.462,31","6479,73"
Spain,75,Head of Administration,9,"25.479,17",29.000,"30.333,33","30.333,33","28.111,11","4854,17"
Spain,7,Accounting Manager,9,"21,18","21,85","253,11","253,11","252,33","231,93"
Spain,483,Electrician,9,6,8004,"19.313,49","19.313,49","12.795,18","19.307,49"
Spain,335,Purchasing Coordinator,9,"21.208,33",25.000,"26.458,33","26.458,33","23.666,67",5250
Spain,171,Customer Service Specialist,9,"913,75","4886,93","8529,17","8794,78","9231,67","7615,42"
Spain,28,Administrative Intern,9,"4119,92","8014,14",9600,9600,"6084,78","5480,08"
Spain,608,Human Resources Assistant,9,"13.717,13","17.259,33","18.425,11","18.425,11","15.853,67","4707,99"
Spain,200,Customer Support Technician,8,16.925,18.000,21.125,20.975,18.975,4200
Spain,267,Commercial Manager,8,23.750,28.000,30.000,30.000,27.575,6250
Spain,636,Barback,8,"16.977,78",20.000,"24.012,5","24.312,5","20.437,5","7034,72"
Spain,345,Supply Department Assistant,8,"18.562,5",19.750,21.000,21.000,20.250,"2437,5"
Spain,315,Store Manager,8,"20.333,6","22.935,35","23.870,7","23.870,7","23.183,84","3537,1"
Spain,533,Marketing Intern,8,"4791,41",5600,6000,6000,5250,"1208,59"
Spain,130,Children's Animator,8,17.040,19.000,21.720,21.720,"19.362,5",4680
Spain,61,Finance Manager,8,"22.780,11",32.000,"40.777,78","40.777,78","28.755,25","17.997,67"
Spain,277,MICE Sales Manager,7,"21.882,29","27.001,94",30.000,30.000,"23.147,86","8117,71"
Spain,538,Public Relations Assistant,7,"20.666,67",25.000,25.000,25.000,"22.008,57","4333,33"
Spain,796,Rider,7,8288,8288,"9500,44","9500,44",11.564,"1212,44"
Spain,432,Events Sales Executive,7,"24.846,67",25.000,26.000,26.000,"26.165,71","1153,33"
Spain,640,Cashier,7,19.200,20.400,"22.333,33","22.333,33","18.685,71","3133,33"
Spain,443,Maitre in Charge of Room and Events,7,"20.285,33",20.400,"21.466,67","21.466,67",22.424,"1181,33"
Spain,773,Cabin Crew,7,36.000,36.000,"43.666,67","43.666,67",36.000,"7666,67"
Spain,167,Customer Service Assistant,7,"17.937,5",19.500,20.000,20.000,"19.117,71","2062,5"
Spain,680,Body Treatment Specialist,7,20.000,20.000,"20.055,56","20.055,56","20.142,86","55,56"
Spain,247,Pastry Assistant,7,"11.925,25","17.875,89",20.640,20.640,"12.022,57","8714,75"
Spain,713,Spa Manager,6,29.000,29.000,29.000,29.000,"28.166,67",0
Spain,498,Swimming Pool Maintenance,6,"20.904,44",23.000,23.000,23.000,"19.783,33","2095,56"
Spain,813,Van Driver,6,19.200,19.200,"21.613,33","21.613,33","20.042,67","2413,33"
Spain,314,Salesperson Call Center,6,18.000,18.000,18.000,18.000,18.000,0
Spain,714,Spa Receptionist,6,21.000,22.000,22.000,22.000,"20.333,33",1000
Spain,114,Travel Coordinator,6,17.370,17.370,17.370,17.370,17.995,0
Spain,271,Hotel Sales Manager,6,25.000,25.000,"31.666,67","31.666,67","31.666,67","6666,67"
Spain,530,Marketing Assistant,6,"16.666,67",21.000,21.000,21.000,17.940,"4333,33"
Spain,485,Facilities Assistant,6,20.000,20.000,20.000,20.000,"20.631,99",0
Spain,696,Massage Therapist,6,"16.058,67",16.800,16.800,16.800,16.696,"741,33"
Spain,235,Grill Chef,6,25.000,25.000,25.880,25.880,"22.493,33",880
Spain,611,Human Resources Coordinator,6,"22.847,11",27.200,27.200,27.200,"21.683,33","4352,89"
Spain,273,Key Account Manager,5,25.000,25.000,25.000,25.000,"20.857,61",0
Spain,518,Public Relations Director,5,30.000,30.000,30.000,30.000,30.000,0
Spain,68,Financial Intern,5,4800,4800,4800,4800,5280,0
Spain,707,Sauna Assistant,5,14.400,14.400,14.400,14.400,14.400,0
Spain,515,Digital Marketing Director,5,30.000,30.000,30.000,30.000,30.000,0
Spain,55,Controller,5,22.800,22.800,22.800,22.800,26.360,0
Spain,712,Spa Coordinator,5,25.000,25.000,25.000,25.000,27.400,0
Spain,609,Human Resources Business Partner,5,27.000,27.000,27.000,27.000,24.200,0
Spain,760,Product Development Manager,5,25.000,25.000,25.000,25.000,24.200,0
Spain,488,Gardening Assistant,5,18.000,18.000,18.000,18.000,"18.150,4",0
Spain,94,Regional Manager,5,23.000,23.000,23.000,23.000,23.741,0
Spain,74,Head of Accounting,5,25.200,25.200,25.200,25.200,27.640,0
Spain,441,Head Waiter for Catering & Events,5,264.000,264.000,264.000,264.000,166.800,0
Spain,46,Chief Financial Officer (CFO),5,48.000,48.000,48.000,48.000,52.600,0
Spain,111,Travel Agencies Account Manager,5,22.000,22.000,22.000,22.000,19.560,0
Spain,767,Airport Operations Manager,5,21.600,21.600,21.600,21.600,22.400,0
Spain,30,Administrative Technician,5,18.000,18.000,18.000,18.000,18.760,0
