CountryName,RegionName,TitleId,JobTitleName,N,P25,P50,P75,P90,Mean,IQR
Spain,Barcelona,591,Receptionist,292,"18.079,6","21.015,99","22.857,19","23.683,07","20.174,79","4777,59"
Spain,Barcelona,669,Waiter,225,"16.249,12","20.568,84","23.082,37","24.011,36","18.599,61","6833,24"
Spain,Islas Baleares,669,Waiter,193,"19.127,87","22.914,44","24.402,15","26.130,04","21.113,2","5274,28"
Spain,Islas Baleares,552,Chambermaid,188,"13.103,87","18.080,9","21.587,88","24.328,97","16.763,54","8484,01"
Spain,Islas Baleares,221,Cook,186,"18.679,2","21.714,15","24.304,93","25.356,25","20.500,25","5625,72"
Spain,Madrid,591,Receptionist,166,"17.409,81","20.294,07","24.216,8","26.611,9","19.428,38","6806,99"
Spain,Barcelona,221,Cook,162,"18.368,84","21.744,38","23.559,61","24.427,22","19.844,94","5190,77"
Spain,Islas Baleares,591,Receptionist,144,"18.901,83","21.960,83","24.568,58","26.544,07","21.466,54","5666,75"
Spain,Madrid,669,Waiter,121,"14.583,26","18.366,57","22.023,33","24.140,72","18.049,77","7440,07"
Spain,Madrid,221,Cook,101,"17.571,84","20.042,8","23.870,34","25.511,57","20.176,33","6298,5"
Spain,Islas Baleares,257,Chef de Partie,96,"21.154,78","23.902,54","27.136,43","28.671,51","23.767,93","5981,66"
Spain,Las Palmas,552,Chambermaid,82,"15.757,93","19.217,87","22.594,74","23.528,15","17.794,03","6836,82"
Spain,Islas Baleares,652,Head Waiter,79,"22.643,67","27.028,94","30.234,33","33.684,24","26.767,09","7590,66"
Spain,Barcelona,561,Housekeeping Staff,77,"13.726,78","16.095,65","19.248,56","20.979,26","15.809,12","5521,78"
Spain,Barcelona,243,Kitchen Assistant,72,"17.140,57","19.907,74","21.244,05","24.411,97","19.126,91","4103,48"
Spain,Barcelona,552,Chambermaid,72,"13.560,68","18.262,23","20.765,87","21.204,76","16.858,31","7205,19"
Spain,Islas Baleares,494,Maintenance Technician,70,"18.231,57","22.288,53","25.442,6","26.676,09","20.492,52","7211,03"
Spain,Valencia,591,Receptionist,68,13.921,"17.177,87","19.134,5","23.705,14","16.875,47","5213,5"
Spain,Barcelona,668,Waiter Assistant,67,"12.903,45","20.060,96","21.339,9","23.436,82","17.321,03","8436,45"
Spain,Málaga,591,Receptionist,65,"17.106,56","20.229,99","22.301,27","25.895,98","20.007,27","5194,71"
Spain,Barcelona,494,Maintenance Technician,59,"18.701,01","22.821,09","24.814,67","24.727,05","20.918,29","6113,66"
Spain,Barcelona,584,Hotel Receptionist,58,"19.299,59","22.792,84","23.583,49","24.126,33","20.273,07","4283,9"
Spain,Málaga,669,Waiter,55,"14.400,73","18.561,46","22.506,82","25.842,96","17.917,13","8106,09"
Spain,Islas Baleares,243,Kitchen Assistant,54,"18.753,99","19.913,64","23.321,8","24.378,89","18.982,96","4567,81"
Spain,Málaga,221,Cook,54,"21.186,95","21.505,61","24.051,31","24.609,67","19.405,48","2864,36"
Spain,Las Palmas,221,Cook,53,"18.817,97","22.135,03","23.760,57","24.370,63","20.383,93","4942,6"
Spain,Madrid,243,Kitchen Assistant,51,"14.696,91","20.507,82","22.279,64","23.939,22","18.415,33","7582,73"
Spain,Islas Baleares,668,Waiter Assistant,51,"18.047,15","19.810,9","22.455,35","24.001,71","19.047,65","4408,19"
Spain,Islas Baleares,218,Chef,49,"24.995,49","29.020,33","33.736,31","37.843,11","29.264,83","8740,82"
Spain,Barcelona,572,Bellboy,47,"11.174,89","19.775,28","21.045,39","22.189,52","15.313,11","9870,49"
Spain,Málaga,552,Chambermaid,47,"12.072,72","16.852,05",20.407,"22.855,82","16.395,19","8334,28"
Spain,Las Palmas,669,Waiter,45,"17.402,32","20.189,21","21.934,19","24.283,85","19.345,4","4531,88"
Spain,Barcelona,589,Night Receptionist,44,"19.775,89","22.037,58","23.934,94","29.008,82","21.586,43","4159,06"
Spain,Islas Baleares,254,Sous Chef,44,"21.706,09","27.512,35","27.469,37","35.352,46","25.546,45","5763,28"
Spain,Alicante,591,Receptionist,43,"17.017,6","18.006,07","19.720,64","20.966,94","18.178,92","2703,04"
Spain,Alicante,552,Chambermaid,43,"14.884,79","15.904,19","16.690,6","18.731,16","16.042,14","1805,82"
Spain,Girona,552,Chambermaid,42,"14.397,21","15.686,96",16.521,"17.868,98","15.642,2","2123,8"
Spain,Madrid,552,Chambermaid,41,"13.716,26","15.788,56","18.157,23","20.507,4","15.846,02","4440,97"
Spain,Madrid,572,Bellboy,40,"16.124,47","18.741,05","22.343,79","23.572,24","18.616,75","6219,32"
Spain,Madrid,668,Waiter Assistant,40,"14.052,8","18.713,82","22.547,03","24.009,4","18.384,3","8494,23"
Spain,Girona,591,Receptionist,39,"17.562,73","19.353,71","21.977,01","22.780,94","19.405,13","4414,28"
Spain,Valencia,669,Waiter,38,"14.272,16","17.502,64","23.327,91","28.219,87","17.284,74","9055,74"
Spain,Las Palmas,591,Receptionist,37,"18.798,76","21.777,59","24.166,09","26.271,11","20.846,92","5367,33"
Spain,Islas Baleares,580,Front Office Manager,37,"22.400,8","24.431,21","28.511,53",31.308,"25.429,12","6110,73"
Spain,Alicante,669,Waiter,36,"13.572,97","18.439,46","20.716,14","30.933,59","17.844,53","7143,16"
Spain,Girona,221,Cook,36,"18.249,52","20.071,49","20.376,11","28.204,09","20.480,81","2126,59"
Spain,Madrid,494,Maintenance Technician,35,"15.857,42","20.603,44","23.396,03","24.758,85","19.616,23","7538,61"
Spain,Girona,669,Waiter,35,"16.886,57","18.156,31","19.116,77","22.093,4","18.417,14","2230,2"
Spain,Valencia,221,Cook,34,"16.972,08","18.638,1","19.951,12",20.300,"17.713,95","2979,04"
Spain,Madrid,590,Reception Assistant,34,"14.752,81","19.029,7","22.791,8","25.571,56","18.123,33","8038,99"
Spain,Tarragona,552,Chambermaid,32,"14.105,51","15.593,84","17.284,16","19.025,53","15.903,32","3178,65"
Spain,Santa Cruz de Tenerife,669,Waiter,31,"17.116,19","20.550,77","21.925,57","23.019,45","18.440,58","4809,38"
Spain,Santa Cruz de Tenerife,552,Chambermaid,31,"5292,88","16.484,83","20.759,86","21.850,64","13.365,62","15.466,98"
Spain,Islas Baleares,551,Assistant Executive Housekeeper,31,"19.141,18","23.654,37","26.043,84","27.384,23",21.176,"6902,66"
Spain,Islas Baleares,664,Restaurant Section Head,31,"14.038,21","20.447,44","27.231,23","28.923,49","19.086,45","13.193,02"
Spain,Barcelona,218,Chef,30,"21.088,68","28.565,69","32.000,75","42.206,02",28.460,"10.912,07"
Spain,Islas Baleares,226,Dishwasher,30,"14.166,67","19.005,42","21.888,93","23.067,72","16.675,23","7722,27"
Spain,Barcelona,587,Night Auditor,30,"22.661,1","23.598,45","28.861,25","29.335,94","24.829,9","6200,15"
Spain,Sevilla,221,Cook,29,"12.259,73","16.467,37","18.748,51",21.750,"15.421,52","6488,78"
Spain,Sevilla,591,Receptionist,29,"16.650,97","18.211,68","19.074,89","24.233,33","19.020,59","2423,91"
Spain,Barcelona,226,Dishwasher,29,"15.673,25","19.242,52","20.661,84","21.847,3","16.416,05","4988,59"
Spain,Las Palmas,243,Kitchen Assistant,29,"13.486,88","18.598,09","20.377,38","21.975,49","14.533,21","6890,5"
Spain,Alicante,221,Cook,28,"18.473,73","18.885,13","20.005,35","21.439,82","19.460,36","1531,62"
Spain,Santa Cruz de Tenerife,243,Kitchen Assistant,28,"2434,71","17.468,77","19.808,97","20.133,33","11.448,83","17.374,25"
Spain,Islas Baleares,577,Concierge,28,"17.953,72","21.292,73","24.533,33","26.383,81","20.486,89","6579,61"
Spain,Islas Baleares,489,Maintenance Manager,27,"28.169,77","29.850,1","31.892,42","33.727,78","28.651,7","3722,65"
Spain,Madrid,257,Chef de Partie,27,"19.910,51","27.709,84","31.884,66","34.043,31","24.959,53","11.974,15"
Spain,Barcelona,652,Head Waiter,27,"24.551,59","26.550,02","29.417,8","33.241,92","27.211,61","4866,21"
Spain,Sevilla,669,Waiter,27,"13.937,81","18.067,1","19.131,95","20.620,06","15.901,04","5194,13"
Spain,Islas Baleares,561,Housekeeping Staff,27,"13.444,83","16.787,65","19.262,88","19.952,45","15.947,78","5818,05"
Spain,Islas Baleares,572,Bellboy,26,"16.797,05","18.497,68","22.204,09","23.872,3","17.142,15","5407,04"
Spain,Girona,561,Housekeeping Staff,26,"8863,63","14.034,96","18.357,73","19.911,73",13.319,"9494,1"
Spain,Madrid,113,Travel Agent,25,"8538,34","18.240,06","21.979,45",22.800,"15.447,72","13.441,11"
Spain,Islas Baleares,590,Reception Assistant,25,"17.565,95","19.545,59","21.674,63","23.531,76","19.263,72","4108,68"
Spain,Barcelona,257,Chef de Partie,24,"12.171,24","24.462,24","25.706,84",32.100,"18.879,9","13.535,6"
Spain,Barcelona,113,Travel Agent,24,"17.150,85","19.326,25","21.717,54","24.662,5","20.345,83","4566,68"
Spain,Barcelona,657,Bartender,23,"20.766,55","22.821,59","24.293,31","25.416,41","21.776,62","3526,76"
Spain,Málaga,243,Kitchen Assistant,23,"16.308,08","20.922,35","23.592,3","23.936,05","18.930,96","7284,22"
Spain,Barcelona,580,Front Office Manager,23,"19.585,22","23.400,6","28.162,06","29.906,88","23.540,87","8576,84"
Spain,Islas Baleares,657,Bartender,23,22.139,"23.531,74","25.170,34","25.626,67","22.961,74","3031,35"
Spain,Santa Cruz de Tenerife,221,Cook,22,"18.435,56","22.222,77","23.576,68","24.818,18","19.600,39","5141,12"
Spain,Santa Cruz de Tenerife,177,GEX - Guest Experience Assistant,22,"21.006,25","21.294,53","23.368,06","24.832,7","22.090,91","2361,81"
Spain,Santa Cruz de Tenerife,591,Receptionist,22,"17.239,24","20.938,34","24.455,88","25.325,93","19.892,82","7216,65"
Spain,Islas Baleares,584,Hotel Receptionist,22,"19.216,63","23.351,5","25.416,67","26.287,82","21.482,82","6200,03"
Spain,Vizcaya,591,Receptionist,21,"13.632,98","17.804,36","20.953,33","22.595,38","17.315,62","7320,35"
Spain,Tarragona,591,Receptionist,21,"17.365,81","18.547,08","20.167,85","21.519,77","17.876,3","2802,04"
Spain,Madrid,561,Housekeeping Staff,21,"1524,68","10.451,67","16.134,7","19.517,45","10.783,46","14.610,02"
Spain,Madrid,584,Hotel Receptionist,21,"15.357,45","18.418,92","23.766,5","25.928,08","19.561,9","8409,05"
Spain,Girona,243,Kitchen Assistant,21,"14.724,85","15.575,18","17.458,79","20.189,8","15.722,65","2733,94"
Spain,Valencia,552,Chambermaid,20,"12.512,91","17.261,02","18.797,46","19.711,85","15.461,35","6284,55"
Spain,Madrid,589,Night Receptionist,20,"16.452,23","22.139,65","26.682,31","29.341,38","20.675,9","10.230,08"
Spain,Islas Baleares,557,Executive Housekeeper,20,"19.791,57","25.612,85",27.600,"27.770,43","23.281,4","7808,43"
Spain,Alicante,584,Hotel Receptionist,19,"10.903,2",11.640,15.260,"19.165,63","13.504,84","4356,8"
Spain,Las Palmas,668,Waiter Assistant,19,"11.206,67","16.605,49","20.691,43","21.082,13","14.555,37","9484,76"
Spain,A Coruña,221,Cook,19,"13.687,75","14.048,01","18.486,74","20.318,09","15.298,19","4798,98"
Spain,Barcelona,286,Rental Sales Consultant,19,18.180,18.180,18.180,18.180,"18.161,05",0
Spain,Barcelona,119,Reservation Agent,19,"18.630,54","20.180,83","23.122,95","24.204,5","20.425,74","4492,41"
Spain,Málaga,668,Waiter Assistant,19,"18.868,86","20.268,52","20.476,72","22.721,24","19.959,37","1607,86"
Spain,Barcelona,590,Reception Assistant,18,"13.207,5","14.937,08",17.598,"19.815,79","14.053,06","4390,5"
Spain,Madrid,489,Maintenance Manager,18,"23.883,3","25.334,41","28.446,47","36.303,18","27.130,34","4563,17"
Spain,Valencia,494,Maintenance Technician,18,"14.807,05","15.651,95","18.269,12",21.561,"17.233,33","3462,06"
Spain,Sevilla,552,Chambermaid,18,"14.438,93","14.604,63","17.857,04","17.968,75","15.471,31","3418,11"
Spain,Tarragona,669,Waiter,18,17.815,"18.974,86","21.091,43","22.418,41","17.748,12","3276,43"
Spain,Málaga,257,Chef de Partie,17,"24.218,36","27.873,89","32.651,12",33.600,"25.440,09","8432,76"
Spain,Cádiz,221,Cook,17,"17.766,09","20.913,01","22.331,72","23.987,85","20.279,06","4565,63"
Spain,Madrid,551,Assistant Executive Housekeeper,17,"17.103,51","20.963,58","27.786,07","28.427,74","21.401,18","10.682,56"
Spain,Madrid,652,Head Waiter,17,"24.265,81","28.874,26","31.344,89","33.104,3","26.850,88","7079,08"
Spain,Barcelona,577,Concierge,17,"10.873,07","10.941,85","15.022,78","19.899,68","13.282,35","4149,71"
Spain,Barcelona,653,Host/Hostess,17,"16.972,33","23.158,35","24.066,89","24.621,12","19.769,53","7094,56"
Spain,Barcelona,1,Accountant,17,"18.071,18","20.112,11","22.980,55",25.000,"18.883,29","4909,37"
Spain,Tarragona,221,Cook,17,"16.424,42","20.097,58","22.735,69","24.756,89","19.040,52","6311,27"
Spain,Madrid,286,Rental Sales Consultant,16,"16.580,26","17.150,2","19.388,06","20.389,16","18.051,75","2807,8"
Spain,Murcia,552,Chambermaid,16,"11.451,34","13.463,82",14.220,"14.321,39",12.480,"2768,66"
Spain,Barcelona,293,Sales Agent,16,"13.355,2","19.378,31","24.803,92","27.344,04","19.682,25","11.448,71"
Spain,Girona,668,Waiter Assistant,16,"18.251,86","18.403,45","18.991,36",19.000,17.330,"739,5"
Spain,Murcia,221,Cook,16,"13.624,27","13.670,75","14.859,73","16.659,59","13.904,5","1235,46"
Spain,Islas Baleares,634,Bar Manager,16,"22.396,08","24.723,27",30.200,"32.026,67","25.562,5","7803,92"
Spain,Málaga,494,Maintenance Technician,16,"16.316,67","21.503,12","22.743,76","23.904,72",20.025,"6427,09"
Spain,Girona,551,Assistant Executive Housekeeper,16,"15.914,43","16.218,79","18.388,28","20.715,91","17.664,75","2473,85"
Spain,Islas Baleares,653,Host/Hostess,16,16.075,"24.854,67",24.406,"26.579,76","20.637,5",8331
Spain,Madrid,657,Bartender,15,"11.940,53","19.086,96","23.708,95","25.845,09","17.759,8","11.768,42"
Spain,Las Palmas,493,Maintenance Officer,15,"18.344,93","19.493,34","21.056,32","21.529,98","19.700,27","2711,38"
Spain,Barcelona,551,Assistant Executive Housekeeper,15,"19.985,6","22.208,49","23.145,2","24.609,57","19.326,11","3159,6"
Spain,Las Palmas,226,Dishwasher,15,"17.427,56","19.886,54","21.365,23","21.726,49","18.425,33","3937,67"
Spain,Girona,159,Tourist Animator,15,"16.261,46","17.735,03","18.948,37","20.577,01","17.877,92","2686,9"
Spain,Madrid,293,Sales Agent,14,"14.135,78","17.310,42","20.016,3","20.777,78","16.507,43","5880,52"
Spain,Pontevedra,669,Waiter,14,15.600,"15.342,12","15.977,63",17.196,"15.634,29","377,63"
Spain,La Rioja,552,Chambermaid,14,"13.406,7","15.543,53","16.910,29","18.075,95","15.037,66","3503,59"
Spain,Madrid,226,Dishwasher,14,14.940,15.738,"18.530,6","20.234,31","16.529,79","3590,6"
Spain,Las Palmas,257,Chef de Partie,14,"22.560,41","26.720,97",27.499,27.499,"24.994,64","4938,59"
Spain,Las Palmas,177,GEX - Guest Experience Assistant,14,21.000,"21.533,59","22.212,96","23.112,14","21.642,86","1212,96"
Spain,Barcelona,661,Restaurant Manager,14,"21.023,53","28.118,91",33.000,"35.687,5","26.201,89","11.976,47"
Spain,Málaga,652,Head Waiter,14,20.328,22.555,"27.025,48","27.369,59","23.121,43","6697,48"
Spain,Tarragona,551,Assistant Executive Housekeeper,14,15.953,"16.063,5","19.226,77","21.369,27","18.983,26","3273,77"
Spain,Cádiz,669,Waiter,13,15.660,"16.187,78","17.686,39","19.295,8","17.625,89","2026,39"
Spain,Santa Cruz de Tenerife,494,Maintenance Technician,13,"20.542,41","22.083,33","22.806,25","23.111,11","21.115,57","2263,84"
Spain,Vizcaya,669,Waiter,13,"18.238,43","19.662,67","21.456,79",21.600,"19.341,54","3218,36"
Spain,Málaga,286,Rental Sales Consultant,13,"16.445,99","16.578,97","17.446,53","18.594,87","18.296,06","1000,54"
Spain,Islas Baleares,79,Hotel Director,13,29.835,36.000,"38.888,89","41.416,67","35.246,77","9053,89"
Spain,Pontevedra,221,Cook,13,"12.333,6",13.608,13.608,13.608,"11.607,88","1274,4"
Spain,Girona,494,Maintenance Technician,13,"15.959,42","19.983,11","22.945,07",24.000,"18.614,6","6985,65"
Spain,Barcelona,597,Intern in Reception,13,"3475,93",4800,"5907,37",6200,"4523,08","2431,44"
Spain,Islas Baleares,460,Airport Guide,13,"20.833,66","21.506,46","22.181,23",22.296,"21.099,08","1347,57"
Spain,Madrid,119,Reservation Agent,13,18.400,"18.666,67","20.532,41","21.546,3","19.330,77","2132,41"
Spain,Barcelona,489,Maintenance Manager,13,"21.235,84","30.354,22","34.164,86",35.000,"27.376,92","12.929,02"
Spain,Sevilla,243,Kitchen Assistant,13,"15.165,58",16.575,"17.455,56","18.119,95","15.846,15","2289,97"
Spain,Islas Baleares,587,Night Auditor,13,"21.583,5",25.675,"26.944,5","27.256,5","23.164,31",5361
Spain,Madrid,254,Sous Chef,13,18.175,"31.298,41","35.471,56","36.930,56","24.738,69","17.296,56"
Spain,Málaga,580,Front Office Manager,13,"25.005,79","28.444,44","29.006,67","30.214,81","27.323,08","4000,88"
Spain,Málaga,561,Housekeeping Staff,13,14.312,"17.977,51","18.749,55","20.050,43","16.578,15","4437,55"
Spain,Girona,254,Sous Chef,13,"17.066,67","20.194,29","21.961,67","25.771,9","22.072,19",4895
Spain,Islas Baleares,550,Assistant Hotel Manager,12,24.880,"28.333,33",31.500,31.500,"28.766,67",6620
Spain,Islas Baleares,501,Technical Services Officer,12,"12.945,65","20.082,08",26.000,26.000,"17.338,67","13.054,35"
Spain,Valencia,584,Hotel Receptionist,12,14.400,14.820,15.600,16.625,"15.366,67",1200
Spain,Islas Baleares,650,Food and Beverage Manager,12,"33.347,22","42.472,22","46.792,59","47.419,75","38.716,67","13.445,37"
Spain,Madrid,587,Night Auditor,12,18.000,"21.020,83",25.118,"28.038,66","22.166,67",7118
Spain,Valencia,226,Dishwasher,12,"14.413,6","14.586,56","15.444,13","16.579,25","15.231,33","1030,53"
Spain,Girona,652,Head Waiter,12,"17.945,46","25.410,83",28.000,"28.533,33","21.604,01","10.054,54"
Spain,Alicante,580,Front Office Manager,12,"20.660,71",22.788,24.000,"24.301,11","22.177,18","3339,29"
Spain,Islas Baleares,165,Customer Service Advisor,12,"5785,19","17.236,5",21.048,21.048,"11.460,83","15.262,81"
Spain,Barcelona,557,Executive Housekeeper,12,"24.512,5","25.416,67","26.208,33","26.909,68","25.666,67","1695,83"
Spain,Las Palmas,550,Assistant Hotel Manager,12,27.000,"28.766,67","30.162,96","30.549,07","28.583,33","3162,96"
Spain,Barcelona,181,GEX - Guest Experience Coordinator,12,23.000,"23.333,33","23.833,28","23.907,59","23.416,67","833,28"
Spain,Tarragona,561,Housekeeping Staff,12,13.608,"14.071,15",15.492,15.492,14.931,1884
Spain,Islas Baleares,661,Restaurant Manager,12,19.000,"26.403,36","32.539,2","32.670,71","28.133,33","13.539,2"
Spain,Las Palmas,551,Assistant Executive Housekeeper,12,"20.051,2","21.262,7","25.661,43","26.710,83","23.150,24","5610,23"
Spain,Islas Baleares,493,Maintenance Officer,12,"18.712,73","22.533,33",24.000,"24.434,23","20.346,39","5287,27"
Spain,Alicante,589,Night Receptionist,12,"13.067,71","14.223,72","21.334,72","21.334,72","15.380,63","8267,02"
Spain,Málaga,119,Reservation Agent,11,18.000,"18.961,73","20.272,6","21.217,62","18.981,82","2272,6"
Spain,Barcelona,192,Call Center Agent,11,"18.785,54","20.207,5",22.000,22.000,"19.872,73","3214,46"
Spain,Madrid,650,Food and Beverage Manager,11,"23.041,67","25.820,83","26.666,67","31.574,07","29.181,82",3625
Spain,Valencia,572,Bellboy,11,"16.083,33",18.000,"18.222,22","18.222,22",16.000,"2138,89"
Spain,Granada,591,Receptionist,11,14.400,"18.044,44","21.339,81","21.339,81","18.669,09","6939,81"
Spain,Islas Baleares,293,Sales Agent,11,"10.131,56","19.337,33","23.899,2","26.233,29","19.491,64","13.767,64"
Spain,Barcelona,650,Food and Beverage Manager,11,"24.270,83","24.833,33",30.000,34.225,"29.334,55","5729,17"
Spain,Las Palmas,489,Maintenance Manager,11,24.000,"24.333,33","26.422,22","28.842,22","26.327,27","2422,22"
Spain,A Coruña,668,Waiter Assistant,11,"92,16","496,46","3493,02","3493,02","1960,15","3400,86"
Spain,Vizcaya,221,Cook,11,"17.746,67","21.936,25",22.600,"22.544,44","19.845,45","4853,33"
Spain,Islas Baleares,23,Administrative,11,"18.959,26",20.780,"22.570,37","22.488,89","21.191,71","3611,11"
Spain,Barcelona,10,Accounts Manager,11,22,"22,04","22,35","22,35","22,18","0,35"
Spain,Pontevedra,552,Chambermaid,11,"9689,78",14.040,14.346,"14.621,8","12.394,91","4656,22"
Spain,Islas Baleares,2,Accounting Assistant,11,"24.520,83","25.166,67","25.611,11","25.791,67","24.863,64","1090,28"
Spain,Málaga,587,Night Auditor,11,"22.416,67","25.166,67","26.368,89","26.866,67","24.927,27","3952,22"
Spain,Alicante,494,Maintenance Technician,11,"15.425,24","17.404,73",20.256,20.256,"17.414,55","4830,76"
Spain,Islas Baleares,715,Spa Therapist,11,19.625,"22.666,67","23.305,56","23.305,56","21.298,55","3680,56"
Spain,Barcelona,316,Store Sales Assistant,11,"16.566,67","18.088,33","18.412,5","18.366,67","16.954,55","1845,83"
Spain,Málaga,657,Bartender,11,"15.141,2","20.053,36",24.000,24.000,"18.281,82","8858,8"
Spain,Barcelona,632,Bakery Attendant,11,18.000,"20.579,94","22.271,64","23.175,11","20.235,64","4271,64"
Spain,Alicante,652,Head Waiter,11,21.000,"22.388,19","24.509,88","25.687,42","21.242,91","3509,88"
Spain,Lleida,552,Chambermaid,10,12.600,"16.038,89","17.669,4","17.922,83",14.420,"5069,4"
Spain,Sevilla,494,Maintenance Technician,10,16.200,17.400,"19.141,11","19.162,59",17.780,"2941,11"
Spain,Madrid,653,Host/Hostess,10,"15.228,75",24.708,30.000,30.000,21.380,"14.771,25"
Spain,Alicante,257,Chef de Partie,10,"14.855,74",25.280,33.600,33.600,"21.805,4","18.744,26"
Spain,Las Palmas,664,Restaurant Section Head,10,"23.847,33",24.837,"25.625,67","25.658,52",23.515,"1778,33"
Spain,Madrid,218,Chef,10,"21.180,56","24.305,56",25.000,28.125,24.300,"3819,44"
Spain,Las Palmas,494,Maintenance Technician,10,18.000,"19.156,29","21.457,69","21.346,8","19.755,61","3457,69"
Spain,Málaga,590,Reception Assistant,10,"17.666,67",18.200,"20.130,56","20.022,72",19.360,"2463,89"
Spain,Barcelona,647,Food and Beverage Assistant,10,"5172,5","6275,56","10.556,67","10.556,67",11.622,"5384,17"
Spain,Islas Baleares,26,Administrative Assistant,10,12.795,16.300,"19.430,96","19.430,96","17.168,2","6635,96"
Spain,Barcelona,493,Maintenance Officer,10,"22.681,88",24.000,25.875,"25.775,28","24.760,67","3193,13"
Spain,Sevilla,652,Head Waiter,10,20.000,"20.833,33","22.305,65","22.224,77",21.600,"2305,65"
Spain,Granada,221,Cook,10,"17.394,44",20.000,"20.535,11","21.236,44","18.561,6","3140,67"
Spain,Islas Baleares,589,Night Receptionist,10,"24.064,72","25.772,67",27.600,27.600,"25.457,6","3535,28"
Spain,Cantabria,552,Chambermaid,10,"13.911,11","14.433,33","14.533,33","14.533,33",13.140,"622,22"
Spain,Islas Baleares,89,Valet Parking,10,17.000,17.928,18.880,19.958,18.480,1880
Spain,Sevilla,668,Waiter Assistant,10,"14.838,33",15.600,"16.726,11","16.679,69",15.876,"1887,78"
Spain,Tarragona,243,Kitchen Assistant,10,"17.296,67",19.200,"20.401,67","20.452,87",18.846,3105
Spain,Lleida,221,Cook,10,18.000,"18.666,67","19.986,11","21.427,78",19.760,"1986,11"
Spain,Barcelona,166,Customer Service Agent,10,18.000,18.000,18.000,"18.487,5",16.380,0
Spain,Málaga,572,Bellboy,10,20.000,"21.527,78","22.912,81","23.681,72",21.300,"2912,81"
Spain,Islas Baleares,692,Lifesaver,10,"17.473,61",18.000,18.650,"18.591,11",18.420,"1176,39"
Spain,Islas Baleares,181,GEX - Guest Experience Coordinator,10,"21.909,14","24.293,11",25.000,25.000,23.240,"3090,86"
Spain,Guipúzcoa,552,Chambermaid,10,"9404,69",16.000,16.500,"16.883,33",11.630,"7095,31"
Spain,Málaga,226,Dishwasher,10,10.800,"14.188,27","18.813,96","21.237,76",16.220,"8013,96"
Spain,Islas Baleares,564,Laundry Attendant,10,"754,67","4138,89","16.371,76","16.778,3","12.665,6","15.617,09"
Spain,Valencia,243,Kitchen Assistant,10,"11.722,67",16.800,18.480,18.480,15.368,"6757,33"
Spain,Islas Baleares,248,Pastry Chef,10,"23.333,33",25.100,"27.666,67","27.666,67",26.780,"4333,33"
Spain,Islas Baleares,286,Rental Sales Consultant,10,18.180,18.180,18.180,18.180,18.180,0
Spain,Girona,218,Chef,10,"16.319,44","23.935,19","24.851,83","26.520,01","19.833,3","8532,39"
Spain,Madrid,486,Facilities Technician,9,"20.888,89","22.166,67","22.333,33","22.333,33","21.111,11","1444,44"
Spain,Santa Cruz de Tenerife,492,Maintenance Assistant,9,"20.333,33","21.083,33","21.564,81","21.524,69","20.177,78","1231,48"
Spain,Madrid,248,Pastry Chef,9,"19.666,67","21.166,67","26.022,92","25.979,17",23.200,"6356,25"
Spain,Granada,552,Chambermaid,9,"8107,67",12.792,"19.153,5",19.222,"13.954,67","11.045,83"
Spain,Barcelona,254,Sous Chef,9,23.660,24.830,"26.062,71","26.062,71","24.908,89","2402,71"
Spain,Barcelona,89,Valet Parking,9,"19.379,88","20.901,5","20.950,75","20.950,75","19.601,56","1570,88"
Spain,Madrid,165,Customer Service Advisor,9,22,"22,08","22,17","22,17","3683,83","0,17"
Spain,Las Palmas,254,Sous Chef,9,20.000,"22.710,96","24.269,76","24.269,76","19.008,86","4269,76"
Spain,Málaga,557,Executive Housekeeper,9,"24.588,19","27.196,44",28.800,28.800,"25.244,44","4211,81"
Spain,Barcelona,532,Marketing Director,9,"24.643,95","32.735,78",35.000,35.000,"29.577,78","10.356,05"
Spain,Barcelona,26,Administrative Assistant,9,"11.958,25","16.255,67","18.182,05","18.418,6","14.592,67","6223,8"
Spain,Zaragoza,669,Waiter,9,"15.676,44",19.680,20.520,20.520,"17.786,67","4843,56"
Spain,Málaga,254,Sous Chef,9,25.875,"28.925,93","29.277,78","29.166,67","26.555,56","3402,78"
Spain,Zaragoza,221,Cook,9,"12.643,33","19.379,28","20.791,11","20.791,11","16.685,56","8147,78"
Spain,Santa Cruz de Tenerife,668,Waiter Assistant,9,"8054,79",18.000,18.000,18.000,12.162,"9945,21"
Spain,Mallorca,669,Waiter,9,12.481,15.000,21.600,21.600,"17.601,78",9119
Spain,Islas Baleares,630,Assistant Head Waiter,9,"18.148,89","24.173,33","27.944,44","27.944,44",23.000,"9795,56"
Spain,Tarragona,218,Chef,9,"8353,78","21.302,89","26.804,44","26.804,44","15.186,67","18.450,67"
Spain,Málaga,577,Concierge,9,"17.982,5","20.722,22","23.611,73","23.611,73","20.711,11","5629,23"
Spain,Asturias,286,Rental Sales Consultant,9,16.404,"16.577,33","17.349,33","17.349,33",16.428,"945,33"
Spain,Islas Baleares,242,Sushiman,9,"20.042,56","26.267,33",28.000,28.000,23.468,"7957,44"
Spain,Valencia,286,Rental Sales Consultant,9,"16.554,45",16.572,16.572,16.572,"16.733,12","17,55"
Spain,Girona,580,Front Office Manager,9,"10.440,04","17.359,65","21.533,33","21.533,33","16.174,29","11.093,29"
Spain,Islas Canarias,221,Cook,8,"24.020,17","26.578,5","27.289,25","27.289,25","24.984,81","3269,08"
Spain,Santa Cruz de Tenerife,257,Chef de Partie,8,"22.872,4","23.833,33",24.000,24.000,23.000,"1127,6"
Spain,Barcelona,49,Revenue Manager,8,21.375,27.000,32.000,32.000,27.625,10.625
Spain,Girona,560,Cleaning Manager,8,"25.638,21","26.265,72",26.399,26.399,"25.495,5","760,79"
Spain,Madrid,570,Assistant Head of Reception,8,15.975,18.550,25.500,25.500,21.525,9525
Spain,Madrid,577,Concierge,8,18.000,"20.481,71","23.475,73","23.475,73","19.992,2","5475,73"
Spain,Islas Baleares,316,Store Sales Assistant,8,15.600,"16.515,31","17.187,99","17.187,99","17.384,01","1587,99"
Spain,Málaga,589,Night Receptionist,8,23.025,27.600,27.780,27.780,24.460,4755
Spain,Islas Baleares,570,Assistant Head of Reception,8,"20.068,52",23.200,26.000,26.000,23.175,"5931,48"
Spain,Málaga,218,Chef,8,18.000,"19.666,67","23.444,44","23.444,44",21.375,"5444,44"
Spain,Zaragoza,113,Travel Agent,8,12.000,12.000,12.000,12.000,12.000,0
Spain,Islas Baleares,753,Head of Technical Services,8,"25.233,33",26.200,26.400,26.400,26.650,"1166,67"
Spain,Islas Baleares,251,Pizzaiolo,8,"24.320,88",25.480,25.776,25.776,"23.956,5","1455,13"
Spain,Girona,557,Executive Housekeeper,8,20.400,21.600,24.400,24.400,24.900,4000
Spain,Las Palmas,590,Reception Assistant,8,18.000,18.400,"19.498,23","19.498,23",18.628,"1498,23"
Spain,Valencia,79,Hotel Director,8,"17.119,44","19.466,67",23.000,23.000,20.800,"5880,56"
Spain,Santa Cruz de Tenerife,226,Dishwasher,8,13.625,17.000,18.000,18.000,15.100,4375
Spain,Murcia,561,Housekeeping Staff,8,13.674,13.674,13.674,13.674,13.674,0
Spain,Sevilla,584,Hotel Receptionist,8,15.000,15.600,"17.666,67","17.666,67",17.075,"2666,67"
Spain,Tarragona,668,Waiter Assistant,8,16.880,19.200,"20.097,78","20.097,78",16.825,"3217,78"
Spain,Barcelona,492,Maintenance Assistant,8,19.125,21.000,"21.944,44","21.944,44",19.025,"2819,44"
Spain,Santa Cruz de Tenerife,218,Chef,8,"25.888,89",26.000,"27.055,56","27.055,56",28.625,"1166,67"
Spain,Las Palmas,630,Assistant Head Waiter,8,"16.641,07","23.761,67",24.914,24.914,"18.679,41","8272,93"
Spain,Burgos,669,Waiter,8,18.000,18.440,18.880,18.880,18.660,880
Spain,Málaga,551,Assistant Executive Housekeeper,8,"21.541,67",24.000,"25.888,89","25.888,89",23.950,"4347,22"
Spain,Mallorca,552,Chambermaid,8,7468,8400,"9377,78","9377,78",9728,"1909,78"
Spain,Valencia,668,Waiter Assistant,8,"17.347,4","20.153,33",20.640,20.640,17.555,"3292,6"
Spain,Girona,584,Hotel Receptionist,8,"19.333,33",20.000,"20.333,33","20.333,33","19.927,38",1000
Spain,Las Palmas,286,Rental Sales Consultant,8,"16.844,19",17.912,18.180,18.180,17.175,"1335,81"
Spain,Santa Cruz de Tenerife,286,Rental Sales Consultant,8,16.572,16.572,16.572,16.572,16.572,0
Spain,Las Palmas,218,Chef,7,"19.928,89",21.200,25.200,25.200,"22.851,43","5271,11"
Spain,Valencia,257,Chef de Partie,7,"31.866,67",33.600,33.600,33.600,"29.142,86","1733,33"
Spain,Las Palmas,584,Hotel Receptionist,7,"24.109,08","24.109,08","24.480,29","24.480,29","22.269,73","371,21"
Spain,Santa Cruz de Tenerife,550,Assistant Hotel Manager,7,28.425,35.000,"38.333,33","38.333,33","29.657,14","9908,33"
Spain,Santa Cruz de Tenerife,26,Administrative Assistant,7,21.000,"21.333,33","21.333,33","21.333,33","19.971,43","333,33"
Spain,Santa Cruz de Tenerife,664,Restaurant Section Head,7,"21.196,69","24.556,56",26.000,26.000,20.574,"4803,31"
Spain,Lleida,591,Receptionist,7,16.800,16.800,"18.242,71","18.242,71","16.530,36","1442,71"
Spain,Alicante,668,Waiter Assistant,7,"16.305,56","17.044,44",17.200,17.200,16.000,"894,44"
Spain,Tarragona,159,Tourist Animator,7,16.200,16.200,16.200,16.200,16.200,0
Spain,Lleida,226,Dishwasher,7,14.400,14.400,14.400,14.400,14.400,0
Spain,Granada,669,Waiter,7,20.400,20.400,21.000,21.000,19.200,600
Spain,Girona,634,Bar Manager,7,24.000,24.000,"25.366,67","25.366,67",24.000,"1366,67"
Spain,Islas Baleares,492,Maintenance Assistant,7,"20.746,67",22.440,"23.546,67","23.546,67","21.377,14",2800
Spain,Alicante,286,Rental Sales Consultant,7,15.780,15.780,"16.260,24","16.260,24","17.474,33","480,24"
Spain,Barcelona,630,Assistant Head Waiter,7,"21.336,11",24.000,24.000,24.000,21.075,"2663,89"
Spain,Sevilla,589,Night Receptionist,7,18.000,18.000,"18.333,33","18.333,33","18.776,65","333,33"
Spain,Sevilla,257,Chef de Partie,7,18.000,18.800,18.400,18.400,"17.314,29",400
Spain,Cádiz,591,Receptionist,7,"19.264,65","19.264,65","19.453,88","19.453,88","18.647,04","189,22"
Spain,Málaga,650,Food and Beverage Manager,7,33.000,35.000,"36.777,78","36.777,78","34.285,71","3777,78"
Spain,Barcelona,23,Administrative,7,12.000,12.000,"14.533,33","14.533,33","14.591,71","2533,33"
Spain,Lleida,669,Waiter,7,16.800,17.400,18.000,18.000,"16.914,29",1200
Spain,Tarragona,652,Head Waiter,7,"21.777,78",27.000,27.000,27.000,"22.371,43","5222,22"
Spain,Tarragona,226,Dishwasher,7,"13.209,6","13.209,6","13.209,6","13.209,6","13.209,6",0
Spain,Madrid,89,Valet Parking,7,13.608,13.608,"15.082,67","15.082,67","14.898,29","1474,67"
Spain,Barcelona,593,Human Resources Intern,7,5400,5400,5400,5400,5400,0
Spain,Vizcaya,668,Waiter Assistant,7,"19.902,22",20.640,"21.013,33","21.013,33",19.280,"1111,11"
Spain,Islas Canarias,669,Waiter,7,20.700,20.700,21.100,21.100,"22.057,14",400
Spain,Alicante,657,Bartender,7,"7701,3",13.760,"20.754,4","20.754,4","11.401,49","13.053,1"
Spain,Islas Baleares,647,Food and Beverage Assistant,7,18.000,18.600,19.200,19.200,"19.371,43",1200
Spain,Barcelona,248,Pastry Chef,7,21.600,"22.933,33","22.933,33","22.933,33","22.297,14","1333,33"
Spain,Las Palmas,165,Customer Service Advisor,7,19.450,19.450,19.900,19.900,"19.871,43",450
Spain,Islas Baleares,346,Supply Department Manager,7,18.000,18.000,"19.433,33","19.433,33","22.171,43","1433,33"
Spain,Cádiz,218,Chef,6,20.400,21.600,21.600,21.600,"22.883,33",1200
Spain,Madrid,661,Restaurant Manager,6,18.000,18.000,18.000,18.000,"28.166,67",0
Spain,Málaga,570,Assistant Head of Reception,6,24.700,27.000,27.000,27.000,"26.133,33",2300
Spain,Islas Baleares,637,Barista,6,"22.133,33",24.000,24.000,24.000,"27.373,33","1866,67"
Spain,Huesca,669,Waiter,6,18.000,18.000,18.000,18.000,"19.333,33",0
Spain,Alicante,561,Housekeeping Staff,6,14.400,14.400,14.400,14.400,"15.593,33",0
Spain,Barcelona,486,Facilities Technician,6,22.000,22.000,23.000,23.000,"17.560,17",1000
Spain,Santa Cruz de Tenerife,653,Host/Hostess,6,"19.555,56",22.000,22.000,22.000,"18.095,33","2444,44"
Spain,Madrid,45,Chief Executive Officer (CEO),6,24.000,24.000,"27.666,67","27.666,67","28.666,67","3666,67"
Spain,Sevilla,653,Host/Hostess,6,18.820,19.020,19.020,19.020,"19.663,33",200
Spain,Santa Cruz de Tenerife,254,Sous Chef,6,"21.892,33",25.000,25.000,25.000,"21.338,5","3107,67"
Spain,Santa Cruz de Tenerife,23,Administrative,6,"15.890,56",19.000,19.000,19.000,"16.169,17","3109,44"
Spain,Barcelona,80,Hotel Manager,6,23.000,23.000,23.000,23.000,19.026,0
Spain,Madrid,1,Accountant,6,"21.973,33",25.000,25.000,25.000,"22.786,67","3026,67"
Spain,Barcelona,570,Assistant Head of Reception,6,"23.833,33",24.000,24.000,24.000,24.500,"166,67"
Spain,Málaga,630,Assistant Head Waiter,6,23.290,23.290,23.290,23.290,17.715,0
Spain,Málaga,181,GEX - Guest Experience Coordinator,6,27.000,27.000,27.500,27.500,"26.933,33",500
Spain,Murcia,551,Assistant Executive Housekeeper,6,14.400,14.400,14.400,14.400,14.400,0
Spain,Barcelona,600,Revenue Agent,6,22.000,22.000,22.000,22.000,"20.033,33",0
Spain,Málaga,634,Bar Manager,6,20.000,20.000,20.000,20.000,21.500,0
Spain,Islas Baleares,761,Technical Services Assistant,6,"19.177,78",23.000,23.000,23.000,"17.666,67","3822,22"
Spain,Asturias,591,Receptionist,6,16.000,18.000,18.000,18.000,"15.833,33",2000
Spain,Islas Baleares,119,Reservation Agent,6,"24.155,56",25.000,25.000,25.000,"23.877,32","844,44"
Spain,Girona,489,Maintenance Manager,6,"16.888,89",22.000,22.000,22.000,"20.666,67","5111,11"
Spain,Málaga,89,Valet Parking,6,"22.333,33",24.000,24.000,24.000,"22.166,67","1666,67"
Spain,Teruel,584,Hotel Receptionist,6,"15.833,33",16.000,16.000,16.000,"17.116,67","166,67"
Spain,Málaga,492,Maintenance Assistant,6,21.440,22.800,22.800,22.800,21.560,1360
Spain,Cádiz,552,Chambermaid,6,14.400,14.400,15.600,15.600,15.840,1200
Spain,Girona,590,Reception Assistant,6,14.700,15.000,15.000,15.000,"13.466,67",300
Spain,Cádiz,254,Sous Chef,6,21.600,21.600,21.600,21.600,"23.133,33",0
Spain,Sevilla,590,Reception Assistant,6,18.000,18.000,19.000,19.000,"18.666,67",1000
Spain,Madrid,79,Hotel Director,6,"33.533,33",38.400,38.400,38.400,"37.916,67","4866,67"
Spain,A Coruña,286,Rental Sales Consultant,6,16.572,16.572,16.572,16.572,16.754,0
Spain,A Coruña,552,Chambermaid,6,"12.436,67",13.244,13.244,13.244,"14.214,67","807,33"
Spain,Girona,166,Customer Service Agent,6,18.000,18.000,18.000,18.000,17.000,0
Spain,Las Palmas,572,Bellboy,6,19.200,19.200,19.200,19.200,"17.722,42",0
Spain,Madrid,23,Administrative,6,25.000,25.000,25.000,25.000,"25.833,33",0
Spain,Burgos,221,Cook,6,"19.066,67",20.640,20.640,20.640,"18.493,47","1573,33"
Spain,Alicante,438,Groups & Events Sales Manager,6,28.000,30.000,30.000,30.000,27.000,2000
Spain,Alicante,254,Sous Chef,6,"17.782,67",20.000,20.000,20.000,"19.908,67","2217,33"
Spain,Alicante,551,Assistant Executive Housekeeper,6,15.876,15.876,15.876,15.876,"17.396,67",0
Spain,Islas Baleares,665,Sommelier,6,24.000,24.000,24.000,24.000,"24.733,33",0
Spain,Córdoba,221,Cook,6,15.480,15.480,16.320,16.320,"16.326,67",840
Spain,Barcelona,88,Office Manager,5,22,22,22,22,"4617,8",0
Spain,Las Palmas,652,Head Waiter,5,24.000,24.000,24.000,24.000,24.000,0
Spain,Santa Cruz de Tenerife,584,Hotel Receptionist,5,72,72,72,72,"10.853,45",0
Spain,Alicante,218,Chef,5,20.000,20.000,20.000,20.000,24.200,0
Spain,Las Palmas,159,Tourist Animator,5,16.560,16.560,16.560,16.560,16.848,0
Spain,Madrid,665,Sommelier,5,18.000,18.000,18.000,18.000,18.560,0
Spain,Lleida,707,Sauna Assistant,5,14.400,14.400,14.400,14.400,14.400,0
Spain,Tarragona,79,Hotel Director,5,40.000,40.000,40.000,40.000,36.720,0
Spain,Barcelona,642,Cocktail Bar Manager,5,30.000,30.000,30.000,30.000,28.200,0
Spain,Huelva,218,Chef,5,18.000,18.000,18.000,18.000,"17.524,6",0
Spain,Sevilla,572,Bellboy,5,18.000,18.000,18.000,18.000,17.280,0
Spain,Murcia,494,Maintenance Technician,5,18.000,18.000,18.000,18.000,17.860,0
Spain,Almería,591,Receptionist,5,20.400,20.400,20.400,20.400,19.360,0
Spain,Madrid,580,Front Office Manager,5,25.000,25.000,25.000,25.000,"24.221,4",0
Spain,Alicante,165,Customer Service Advisor,5,19.450,19.450,19.450,19.450,"12.817,2",0
Spain,Barcelona,120,Reservations Manager,5,22.000,22.000,22.000,22.000,21.910,0
Spain,Granada,494,Maintenance Technician,5,18.000,18.000,18.000,18.000,18.040,0
Spain,Lleida,243,Kitchen Assistant,5,14.400,14.400,14.400,14.400,14.320,0
Spain,Guipúzcoa,591,Receptionist,5,18.000,18.000,18.000,18.000,"21.599,4",0
Spain,Madrid,664,Restaurant Section Head,5,27.000,27.000,27.000,27.000,22.300,0
Spain,Islas Baleares,1,Accountant,5,17.200,17.200,17.200,17.200,"13.858,59",0
Spain,Navarra,552,Chambermaid,5,18.000,18.000,18.000,18.000,16.280,0
Spain,Santa Cruz de Tenerife,119,Reservation Agent,5,18.000,18.000,18.000,18.000,18.000,0
Spain,Almería,494,Maintenance Technician,5,19.200,19.200,19.200,19.200,18.720,0
Spain,Barcelona,314,Salesperson Call Center,5,18.000,18.000,18.000,18.000,18.000,0
Spain,Pontevedra,243,Kitchen Assistant,5,15.480,15.480,15.480,15.480,15.480,0
Spain,Sevilla,561,Housekeeping Staff,5,17.000,17.000,17.000,17.000,"16.339,92",0
Spain,Alicante,572,Bellboy,5,18.647,18.647,18.647,18.647,"17.615,4",0
Spain,Tarragona,492,Maintenance Assistant,5,16.320,16.320,16.320,16.320,16.368,0
Spain,Barcelona,213,Event Chef,5,"19.986,4","19.986,4","19.986,4","19.986,4","22.773,04",0
Spain,Canillo,591,Receptionist,5,14.400,14.400,14.400,14.400,14.400,0
Spain,Castellón,552,Chambermaid,5,14.620,14.620,14.620,14.620,14.620,0
Spain,La Rioja,669,Waiter,5,17.000,17.000,17.000,17.000,17.240,0
Spain,Badajoz,584,Hotel Receptionist,5,22.000,22.000,22.000,22.000,19.200,0
Spain,Barcelona,665,Sommelier,5,24.000,24.000,24.000,24.000,24.200,0
Spain,Madrid,492,Maintenance Assistant,5,"14.803,2","14.803,2","14.803,2","14.803,2","15.804,64",0
Spain,Huelva,221,Cook,5,19.200,19.200,19.200,19.200,19.200,0
Spain,Barcelona,180,GEX - Guest Experience Manager,5,35.000,35.000,35.000,35.000,30.600,0
Spain,Málaga,489,Maintenance Manager,5,21.000,21.000,21.000,21.000,20.960,0
Spain,Girona,697,Masseur,5,14.400,14.400,14.400,14.400,13.680,0
Spain,Madrid,773,Cabin Crew,5,36.000,36.000,36.000,36.000,32.400,0
Spain,Almería,243,Kitchen Assistant,5,15.600,15.600,15.600,15.600,17.088,0
Spain,Almería,669,Waiter,5,15.600,15.600,15.600,15.600,14.400,0
Spain,Cantabria,669,Waiter,5,15.600,15.600,15.600,15.600,17.760,0
Spain,Barcelona,79,Hotel Director,5,30.000,30.000,30.000,30.000,35.000,0
Spain,Málaga,166,Customer Service Agent,5,20.100,20.100,20.100,20.100,19.440,0
Spain,Pontevedra,591,Receptionist,5,18.000,18.000,18.000,18.000,18.240,0
Spain,Valencia,652,Head Waiter,5,18.000,18.000,18.000,18.000,19.200,0
Spain,Málaga,584,Hotel Receptionist,5,18.000,18.000,18.000,18.000,18.988,0
Spain,Pontevedra,572,Bellboy,5,15.480,15.480,15.480,15.480,15.480,0
Spain,Segovia,668,Waiter Assistant,5,20.640,20.640,20.640,20.640,20.640,0
Spain,Girona,657,Bartender,5,16.800,16.800,16.800,16.800,18.000,0
Spain,Zaragoza,243,Kitchen Assistant,5,20.640,20.640,20.640,20.640,20.640,0
Spain,Barcelona,28,Administrative Intern,5,5400,5400,5400,5400,"3272,6",0
Spain,Mallorca,218,Chef,5,20.000,20.000,20.000,20.000,25.440,0
Spain,Madrid,697,Masseur,5,22.000,22.000,22.000,22.000,19.600,0
Spain,Barcelona,302,Sales Manager,5,28.000,28.000,28.000,28.000,28.400,0
Spain,Barcelona,628,Assistant Bar Manager,5,24.000,24.000,24.000,24.000,23.000,0
Spain,Huesca,221,Cook,5,18.000,18.000,18.000,18.000,20.160,0
Spain,Burgos,243,Kitchen Assistant,5,18.000,18.000,18.000,18.000,17.808,0
Spain,Girona,257,Chef de Partie,5,18.000,18.000,18.000,18.000,"16.007,3",0
Spain,Guipúzcoa,494,Maintenance Technician,5,15.000,15.000,15.000,15.000,16.560,0
Spain,Islas Baleares,767,Airport Operations Manager,5,21.600,21.600,21.600,21.600,22.400,0
Spain,Vizcaya,552,Chambermaid,5,21.000,21.000,21.000,21.000,"19.058,72",0
Spain,Barcelona,432,Events Sales Executive,5,25.000,25.000,25.000,25.000,25.232,0
Spain,Girona,286,Rental Sales Consultant,5,18.180,18.180,18.180,18.180,18.180,0
Spain,Valencia,657,Bartender,5,18.000,18.000,18.000,18.000,18.200,0
Spain,Madrid,471,Tour Guide,5,15.000,15.000,15.000,15.000,14.400,0
Spain,Tarragona,10,Accounts Manager,5,21,21,21,21,21,0
Spain,Mallorca,165,Customer Service Advisor,5,20.800,20.800,20.800,20.800,20.890,0
